git_trigger_commit,gh_project_name,tr_status,tr_started_at,tr_finished_at,tr_duration,gh_files_changed,gh_lines_added,gh_lines_deleted,gh_src_churn,gh_tests_run,gh_tests_added,gh_is_pr,git_committed_at,git_author_email,git_author_name
418c76b8aa7be2255ecd2d045f761e6411ba0acb,psf/requests,canceled,2026-05-05 14:05:27,2026-05-05 14:05:27,0.0,,,,,,,true,,,zons-zhaozhy
418c76b8aa7be2255ecd2d045f761e6411ba0acb,psf/requests,canceled,2026-05-05 14:05:27,2026-05-05 14:05:27,0.0,,,,,,,true,,,zons-zhaozhy
418c76b8aa7be2255ecd2d045f761e6411ba0acb,psf/requests,canceled,2026-05-05 14:05:27,2026-05-05 14:05:27,0.0,,,,,,,true,,,zons-zhaozhy
418c76b8aa7be2255ecd2d045f761e6411ba0acb,psf/requests,canceled,2026-05-05 14:05:27,2026-05-05 14:05:27,0.0,,,,,,,true,,,zons-zhaozhy
418c76b8aa7be2255ecd2d045f761e6411ba0acb,psf/requests,canceled,2026-05-05 14:05:27,2026-05-05 14:05:27,0.0,,,,,,,true,,,zons-zhaozhy
04d750509b90da728e53aee8d7516426e5a1a293,psf/requests,passed,2026-05-05 00:19:58,2026-05-05 00:20:08,10.0,,,,,,,false,,,nateprewitt
04d750509b90da728e53aee8d7516426e5a1a293,psf/requests,passed,2026-05-04 21:42:10,2026-05-04 21:42:33,23.0,,,,,,,false,,,nateprewitt
04d750509b90da728e53aee8d7516426e5a1a293,psf/requests,passed,2026-05-04 21:42:10,2026-05-04 21:42:33,23.0,,,,,,,false,,,nateprewitt
04d750509b90da728e53aee8d7516426e5a1a293,psf/requests,passed,2026-05-04 21:42:10,2026-05-04 21:42:44,34.0,,,,,,,false,,,nateprewitt
04d750509b90da728e53aee8d7516426e5a1a293,psf/requests,passed,2026-05-04 21:42:10,2026-05-04 21:43:23,73.0,,,,,,,false,,,nateprewitt
04d750509b90da728e53aee8d7516426e5a1a293,psf/requests,passed,2026-05-04 21:42:10,2026-05-04 21:47:04,294.0,,,,,,,false,,,nateprewitt
03627b53f15a56bbb39633e1bcf4dc995c163017,psf/requests,passed,2026-05-04 21:37:33,2026-05-04 21:41:43,250.0,,,,,,,true,,,nateprewitt
03627b53f15a56bbb39633e1bcf4dc995c163017,psf/requests,passed,2026-05-04 21:31:49,2026-05-04 21:32:15,26.0,,,,,,,true,,,dependabot[bot]
03627b53f15a56bbb39633e1bcf4dc995c163017,psf/requests,passed,2026-05-04 21:31:49,2026-05-04 21:32:10,21.0,,,,,,,true,,,dependabot[bot]
03627b53f15a56bbb39633e1bcf4dc995c163017,psf/requests,passed,2026-05-04 21:31:49,2026-05-04 21:32:12,23.0,,,,,,,true,,,dependabot[bot]
03627b53f15a56bbb39633e1bcf4dc995c163017,psf/requests,passed,2026-05-04 21:31:49,2026-05-04 21:32:59,70.0,,,,,,,true,,,dependabot[bot]
03627b53f15a56bbb39633e1bcf4dc995c163017,psf/requests,passed,2026-05-04 21:31:47,2026-05-04 21:37:14,327.0,,,,,,,false,,,dependabot[bot]
03627b53f15a56bbb39633e1bcf4dc995c163017,psf/requests,passed,2026-05-04 21:31:47,2026-05-04 21:32:08,21.0,,,,,,,false,,,dependabot[bot]
03627b53f15a56bbb39633e1bcf4dc995c163017,psf/requests,passed,2026-05-04 21:31:47,2026-05-04 21:32:08,21.0,,,,,,,false,,,dependabot[bot]
f7822f7c4185b45527f171095c4edf8777efe51b,psf/requests,passed,2026-05-04 21:30:54,2026-05-04 21:31:48,54.0,,,,,,,false,,,dependabot[bot]
f7822f7c4185b45527f171095c4edf8777efe51b,psf/requests,passed,2026-05-04 21:23:10,2026-05-04 21:24:15,65.0,,,,,,,false,,,dependabot[bot]
f7822f7c4185b45527f171095c4edf8777efe51b,psf/requests,passed,2026-05-04 00:19:06,2026-05-04 00:19:16,10.0,,,,,,,false,,,nateprewitt
f7822f7c4185b45527f171095c4edf8777efe51b,psf/requests,passed,2026-05-03 23:11:38,2026-05-03 23:12:50,72.0,,,,,,,false,,,nateprewitt
cba158ef6058223daa7b33db8b0d0fd4f80efbac,psf/requests,failed,2026-05-03 21:02:32,2026-05-03 21:06:02,210.0,,,,,,,false,,,Copilot
48a75aef1398a44bac369a49ad6b841156709d72,psf/requests,failed,2026-05-03 20:52:50,2026-05-03 20:55:42,172.0,,,,,,,false,,,Copilot
f7822f7c4185b45527f171095c4edf8777efe51b,psf/requests,passed,2026-05-03 20:21:09,2026-05-03 20:21:44,35.0,,,,,,,false,,,nateprewitt
f7822f7c4185b45527f171095c4edf8777efe51b,psf/requests,passed,2026-05-03 20:02:39,2026-05-03 20:02:58,19.0,,,,,,,false,,,nateprewitt
f7822f7c4185b45527f171095c4edf8777efe51b,psf/requests,passed,2026-05-03 20:02:39,2026-05-03 20:02:59,20.0,,,,,,,false,,,nateprewitt
f7822f7c4185b45527f171095c4edf8777efe51b,psf/requests,passed,2026-05-03 20:02:39,2026-05-03 20:07:38,299.0,,,,,,,false,,,nateprewitt
f7822f7c4185b45527f171095c4edf8777efe51b,psf/requests,passed,2026-05-03 19:52:47,2026-05-03 19:53:08,21.0,,,,,,,false,,,nateprewitt
f7822f7c4185b45527f171095c4edf8777efe51b,psf/requests,passed,2026-05-03 19:52:47,2026-05-03 19:53:07,20.0,,,,,,,false,,,nateprewitt
f7822f7c4185b45527f171095c4edf8777efe51b,psf/requests,failed,2026-05-03 19:56:26,2026-05-03 19:56:30,4.0,,,,,,,false,,,nateprewitt
f7822f7c4185b45527f171095c4edf8777efe51b,psf/requests,passed,2026-05-03 19:52:47,2026-05-03 19:57:32,285.0,,,,,,,false,,,nateprewitt
f7822f7c4185b45527f171095c4edf8777efe51b,psf/requests,passed,2026-05-03 19:51:30,2026-05-03 19:51:43,13.0,,,,,,,false,,,nateprewitt
f7822f7c4185b45527f171095c4edf8777efe51b,psf/requests,passed,2026-05-03 19:51:30,2026-05-03 19:51:51,21.0,,,,,,,false,,,nateprewitt
f7822f7c4185b45527f171095c4edf8777efe51b,psf/requests,passed,2026-05-03 19:51:30,2026-05-03 19:51:51,21.0,,,,,,,false,,,nateprewitt
f7822f7c4185b45527f171095c4edf8777efe51b,psf/requests,passed,2026-05-03 19:51:30,2026-05-03 19:52:50,80.0,,,,,,,false,,,nateprewitt
f7822f7c4185b45527f171095c4edf8777efe51b,psf/requests,passed,2026-05-03 19:51:30,2026-05-03 19:56:23,293.0,,,,,,,false,,,nateprewitt
da8b77e3acf85b3a767004562cab998c0cd96d11,psf/requests,passed,2026-05-03 19:46:27,2026-05-03 19:51:19,292.0,,,,,,,true,,,nateprewitt
da8b77e3acf85b3a767004562cab998c0cd96d11,psf/requests,passed,2026-05-03 19:46:27,2026-05-03 19:46:43,16.0,,,,,,,true,,,nateprewitt
da8b77e3acf85b3a767004562cab998c0cd96d11,psf/requests,passed,2026-05-03 19:46:27,2026-05-03 19:46:43,16.0,,,,,,,true,,,nateprewitt
da8b77e3acf85b3a767004562cab998c0cd96d11,psf/requests,passed,2026-05-03 19:46:27,2026-05-03 19:46:44,17.0,,,,,,,true,,,nateprewitt
da8b77e3acf85b3a767004562cab998c0cd96d11,psf/requests,passed,2026-05-03 19:46:27,2026-05-03 19:47:35,68.0,,,,,,,true,,,nateprewitt
da8b77e3acf85b3a767004562cab998c0cd96d11,psf/requests,passed,2026-05-03 19:44:52,2026-05-03 19:49:50,298.0,,,,,,,false,,,nateprewitt
da8b77e3acf85b3a767004562cab998c0cd96d11,psf/requests,passed,2026-05-03 19:44:52,2026-05-03 19:45:19,27.0,,,,,,,false,,,nateprewitt
da8b77e3acf85b3a767004562cab998c0cd96d11,psf/requests,passed,2026-05-03 19:44:52,2026-05-03 19:45:09,17.0,,,,,,,false,,,nateprewitt
da8b77e3acf85b3a767004562cab998c0cd96d11,psf/requests,failed,2026-05-03 19:44:52,2026-05-03 19:45:07,15.0,,,,,,,false,,,nateprewitt
da8b77e3acf85b3a767004562cab998c0cd96d11,psf/requests,passed,2026-05-03 19:44:12,2026-05-03 19:50:22,370.0,,,,,,,false,,,nateprewitt
da8b77e3acf85b3a767004562cab998c0cd96d11,psf/requests,passed,2026-05-03 19:44:12,2026-05-03 19:44:25,13.0,,,,,,,false,,,nateprewitt
da8b77e3acf85b3a767004562cab998c0cd96d11,psf/requests,passed,2026-05-03 19:44:12,2026-05-03 19:44:31,19.0,,,,,,,false,,,nateprewitt
561e4b6889f53584c39a67f8794c53a414f68481,psf/requests,passed,2026-05-03 19:39:03,2026-05-03 19:39:45,42.0,,,,,,,false,,,dependabot[bot]
561e4b6889f53584c39a67f8794c53a414f68481,psf/requests,passed,2026-05-03 19:38:51,2026-05-03 19:39:07,16.0,,,,,,,false,,,nateprewitt
561e4b6889f53584c39a67f8794c53a414f68481,psf/requests,passed,2026-05-03 19:38:51,2026-05-03 19:39:09,18.0,,,,,,,false,,,nateprewitt
561e4b6889f53584c39a67f8794c53a414f68481,psf/requests,passed,2026-05-03 19:38:51,2026-05-03 19:39:09,18.0,,,,,,,false,,,nateprewitt
561e4b6889f53584c39a67f8794c53a414f68481,psf/requests,passed,2026-05-03 19:38:51,2026-05-03 19:40:05,74.0,,,,,,,false,,,nateprewitt
561e4b6889f53584c39a67f8794c53a414f68481,psf/requests,passed,2026-05-03 19:38:51,2026-05-03 19:43:28,277.0,,,,,,,false,,,nateprewitt
8f6cda9969f4a98c45ea2922f6bcbefc02256202,psf/requests,passed,2026-05-03 00:18:11,2026-05-03 00:18:21,10.0,,,,,,,false,,,nateprewitt
c59514d1265b3d441f3953243c5a9a45f8b46cc4,psf/requests,canceled,2026-05-02 17:53:41,2026-05-02 17:53:41,0.0,,,,,,,true,,,Abdul-Wasiq
c59514d1265b3d441f3953243c5a9a45f8b46cc4,psf/requests,canceled,2026-05-02 17:53:41,2026-05-02 17:53:41,0.0,,,,,,,true,,,Abdul-Wasiq
c59514d1265b3d441f3953243c5a9a45f8b46cc4,psf/requests,canceled,2026-05-02 17:53:41,2026-05-02 17:53:41,0.0,,,,,,,true,,,Abdul-Wasiq
c59514d1265b3d441f3953243c5a9a45f8b46cc4,psf/requests,canceled,2026-05-02 17:53:41,2026-05-02 17:53:41,0.0,,,,,,,true,,,Abdul-Wasiq
4cf9bb5cb159ad54165e1808666154a7509da4e6,psf/requests,passed,2026-05-02 01:45:27,2026-05-02 01:45:46,19.0,,,,,,,true,,,nateprewitt
4cf9bb5cb159ad54165e1808666154a7509da4e6,psf/requests,passed,2026-05-02 01:45:27,2026-05-02 01:45:46,19.0,,,,,,,true,,,nateprewitt
4cf9bb5cb159ad54165e1808666154a7509da4e6,psf/requests,passed,2026-05-02 01:45:27,2026-05-02 01:45:42,15.0,,,,,,,true,,,nateprewitt
4cf9bb5cb159ad54165e1808666154a7509da4e6,psf/requests,passed,2026-05-02 01:45:27,2026-05-02 01:46:32,65.0,,,,,,,true,,,nateprewitt
4cf9bb5cb159ad54165e1808666154a7509da4e6,psf/requests,passed,2026-05-02 01:45:27,2026-05-02 01:50:06,279.0,,,,,,,true,,,nateprewitt
4cf9bb5cb159ad54165e1808666154a7509da4e6,psf/requests,passed,2026-05-02 01:45:25,2026-05-02 01:45:43,18.0,,,,,,,false,,,nateprewitt
4cf9bb5cb159ad54165e1808666154a7509da4e6,psf/requests,passed,2026-05-02 01:45:25,2026-05-02 01:45:42,17.0,,,,,,,false,,,nateprewitt
4cf9bb5cb159ad54165e1808666154a7509da4e6,psf/requests,passed,2026-05-02 01:45:25,2026-05-02 01:50:01,276.0,,,,,,,false,,,nateprewitt
8f6cda9969f4a98c45ea2922f6bcbefc02256202,psf/requests,passed,2026-05-02 00:19:13,2026-05-02 00:19:28,15.0,,,,,,,false,,,nateprewitt
e52a0a9f288d36e8be0e3a1c085794f1d664d18f,psf/requests,passed,2026-05-01 23:37:12,2026-05-01 23:37:31,19.0,,,,,,,true,,,nateprewitt
e52a0a9f288d36e8be0e3a1c085794f1d664d18f,psf/requests,passed,2026-05-01 23:37:12,2026-05-01 23:37:36,24.0,,,,,,,true,,,nateprewitt
e52a0a9f288d36e8be0e3a1c085794f1d664d18f,psf/requests,passed,2026-05-01 23:37:12,2026-05-01 23:37:30,18.0,,,,,,,true,,,nateprewitt
e52a0a9f288d36e8be0e3a1c085794f1d664d18f,psf/requests,passed,2026-05-01 23:37:12,2026-05-01 23:38:15,63.0,,,,,,,true,,,nateprewitt
e52a0a9f288d36e8be0e3a1c085794f1d664d18f,psf/requests,passed,2026-05-01 23:37:12,2026-05-01 23:41:45,273.0,,,,,,,true,,,nateprewitt
e52a0a9f288d36e8be0e3a1c085794f1d664d18f,psf/requests,passed,2026-05-01 23:44:04,2026-05-01 23:47:49,225.0,,,,,,,false,,,nateprewitt
e52a0a9f288d36e8be0e3a1c085794f1d664d18f,psf/requests,passed,2026-05-01 23:37:09,2026-05-01 23:37:33,24.0,,,,,,,false,,,nateprewitt
e52a0a9f288d36e8be0e3a1c085794f1d664d18f,psf/requests,passed,2026-05-01 23:37:09,2026-05-01 23:37:28,19.0,,,,,,,false,,,nateprewitt
c640e6d7f6fc034389da0df1a72897d969adaacd,psf/requests,passed,2026-05-01 22:49:20,2026-05-01 22:49:37,17.0,,,,,,,true,,,nateprewitt
c640e6d7f6fc034389da0df1a72897d969adaacd,psf/requests,failed,2026-05-01 22:49:20,2026-05-01 22:49:42,22.0,,,,,,,true,,,nateprewitt
c640e6d7f6fc034389da0df1a72897d969adaacd,psf/requests,passed,2026-05-01 22:49:20,2026-05-01 22:50:22,62.0,,,,,,,true,,,nateprewitt
c640e6d7f6fc034389da0df1a72897d969adaacd,psf/requests,failed,2026-05-01 22:49:20,2026-05-01 22:49:36,16.0,,,,,,,true,,,nateprewitt
c640e6d7f6fc034389da0df1a72897d969adaacd,psf/requests,failed,2026-05-01 22:49:20,2026-05-01 22:54:12,292.0,,,,,,,true,,,nateprewitt
c640e6d7f6fc034389da0df1a72897d969adaacd,psf/requests,failed,2026-05-01 22:49:19,2026-05-01 22:49:38,19.0,,,,,,,false,,,nateprewitt
c640e6d7f6fc034389da0df1a72897d969adaacd,psf/requests,failed,2026-05-01 22:49:19,2026-05-01 22:49:42,23.0,,,,,,,false,,,nateprewitt
c640e6d7f6fc034389da0df1a72897d969adaacd,psf/requests,failed,2026-05-01 22:49:19,2026-05-01 22:55:44,385.0,,,,,,,false,,,nateprewitt
707f5fbc7650d02d72b4d1cfa8d1c10ab0a8de76,psf/requests,passed,2026-05-01 04:35:25,2026-05-01 04:35:42,17.0,,,,,,,true,,,Rohan5commit
707f5fbc7650d02d72b4d1cfa8d1c10ab0a8de76,psf/requests,passed,2026-05-01 04:35:25,2026-05-01 04:35:39,14.0,,,,,,,true,,,Rohan5commit
707f5fbc7650d02d72b4d1cfa8d1c10ab0a8de76,psf/requests,passed,2026-05-01 04:35:25,2026-05-01 04:36:36,71.0,,,,,,,true,,,Rohan5commit
707f5fbc7650d02d72b4d1cfa8d1c10ab0a8de76,psf/requests,passed,2026-05-01 04:35:25,2026-05-01 04:40:49,324.0,,,,,,,true,,,Rohan5commit
8f6cda9969f4a98c45ea2922f6bcbefc02256202,psf/requests,passed,2026-05-01 00:20:24,2026-05-01 00:20:32,8.0,,,,,,,false,,,nateprewitt
8f6cda9969f4a98c45ea2922f6bcbefc02256202,psf/requests,passed,2026-04-30 17:05:41,2026-04-30 17:05:56,15.0,,,,,,,false,,,nateprewitt
8f6cda9969f4a98c45ea2922f6bcbefc02256202,psf/requests,passed,2026-04-30 17:05:41,2026-04-30 17:06:07,26.0,,,,,,,false,,,nateprewitt
8f6cda9969f4a98c45ea2922f6bcbefc02256202,psf/requests,passed,2026-04-30 17:05:41,2026-04-30 17:06:51,70.0,,,,,,,false,,,nateprewitt
8f6cda9969f4a98c45ea2922f6bcbefc02256202,psf/requests,passed,2026-04-30 17:05:41,2026-04-30 17:10:15,274.0,,,,,,,false,,,nateprewitt
27e0981962d355b9532256f4dcb3d42f64b04d9c,psf/requests,passed,2026-04-30 14:35:17,2026-04-30 14:35:45,28.0,,,,,,,false,,,nateprewitt
27e0981962d355b9532256f4dcb3d42f64b04d9c,psf/requests,passed,2026-04-30 14:35:17,2026-04-30 14:35:42,25.0,,,,,,,false,,,nateprewitt
27e0981962d355b9532256f4dcb3d42f64b04d9c,psf/requests,passed,2026-04-30 14:35:17,2026-04-30 14:36:37,80.0,,,,,,,false,,,nateprewitt
27e0981962d355b9532256f4dcb3d42f64b04d9c,psf/requests,passed,2026-04-30 14:35:17,2026-04-30 14:39:57,280.0,,,,,,,false,,,nateprewitt
c62649158374aaab4ee3541e0d40e9fe3c9e7b84,psf/requests,passed,2026-04-30 14:16:51,2026-04-30 14:20:39,228.0,,,,,,,true,,,nateprewitt
c62649158374aaab4ee3541e0d40e9fe3c9e7b84,psf/requests,passed,2026-04-30 05:19:05,2026-04-30 05:19:23,18.0,,,,,,,true,,,nateprewitt
c62649158374aaab4ee3541e0d40e9fe3c9e7b84,psf/requests,passed,2026-04-30 05:19:05,2026-04-30 05:19:19,14.0,,,,,,,true,,,nateprewitt
c62649158374aaab4ee3541e0d40e9fe3c9e7b84,psf/requests,passed,2026-04-30 05:19:05,2026-04-30 05:19:27,22.0,,,,,,,true,,,nateprewitt
c62649158374aaab4ee3541e0d40e9fe3c9e7b84,psf/requests,passed,2026-04-30 05:19:05,2026-04-30 05:20:26,81.0,,,,,,,true,,,nateprewitt
c62649158374aaab4ee3541e0d40e9fe3c9e7b84,psf/requests,passed,2026-04-30 14:30:00,2026-04-30 14:33:54,234.0,,,,,,,false,,,nateprewitt
c62649158374aaab4ee3541e0d40e9fe3c9e7b84,psf/requests,passed,2026-04-30 05:19:02,2026-04-30 05:19:25,23.0,,,,,,,false,,,nateprewitt
c62649158374aaab4ee3541e0d40e9fe3c9e7b84,psf/requests,passed,2026-04-30 05:19:02,2026-04-30 05:19:25,23.0,,,,,,,false,,,nateprewitt
adbd3b9ee5ccf4cea0de008cb4385c16beeff7bb,psf/requests,passed,2026-04-30 04:33:21,2026-04-30 04:33:33,12.0,,,,,,,true,,,nateprewitt
adbd3b9ee5ccf4cea0de008cb4385c16beeff7bb,psf/requests,passed,2026-04-30 04:33:21,2026-04-30 04:33:45,24.0,,,,,,,true,,,nateprewitt
adbd3b9ee5ccf4cea0de008cb4385c16beeff7bb,psf/requests,passed,2026-04-30 04:33:21,2026-04-30 04:34:27,66.0,,,,,,,true,,,nateprewitt
adbd3b9ee5ccf4cea0de008cb4385c16beeff7bb,psf/requests,passed,2026-04-30 04:33:21,2026-04-30 04:38:05,284.0,,,,,,,true,,,nateprewitt
adbd3b9ee5ccf4cea0de008cb4385c16beeff7bb,psf/requests,passed,2026-04-30 04:33:20,2026-04-30 04:33:46,26.0,,,,,,,true,,,nateprewitt
adbd3b9ee5ccf4cea0de008cb4385c16beeff7bb,psf/requests,passed,2026-04-30 04:33:16,2026-04-30 04:33:39,23.0,,,,,,,false,,,nateprewitt
adbd3b9ee5ccf4cea0de008cb4385c16beeff7bb,psf/requests,passed,2026-04-30 04:33:16,2026-04-30 04:33:36,20.0,,,,,,,false,,,nateprewitt
adbd3b9ee5ccf4cea0de008cb4385c16beeff7bb,psf/requests,passed,2026-04-30 04:33:16,2026-04-30 04:37:58,282.0,,,,,,,false,,,nateprewitt
fb56915c62230fc5e4880e3b576a6d734cd3db9b,psf/requests,passed,2026-04-30 02:56:31,2026-04-30 03:01:06,275.0,,,,,,,true,,,nateprewitt
fb56915c62230fc5e4880e3b576a6d734cd3db9b,psf/requests,passed,2026-04-30 02:56:31,2026-04-30 02:56:50,19.0,,,,,,,true,,,nateprewitt
fb56915c62230fc5e4880e3b576a6d734cd3db9b,psf/requests,passed,2026-04-30 02:56:31,2026-04-30 02:56:53,22.0,,,,,,,true,,,nateprewitt
fb56915c62230fc5e4880e3b576a6d734cd3db9b,psf/requests,passed,2026-04-30 02:56:31,2026-04-30 02:56:53,22.0,,,,,,,true,,,nateprewitt
fb56915c62230fc5e4880e3b576a6d734cd3db9b,psf/requests,passed,2026-04-30 02:56:31,2026-04-30 02:57:38,67.0,,,,,,,true,,,nateprewitt
fb56915c62230fc5e4880e3b576a6d734cd3db9b,psf/requests,passed,2026-04-30 02:56:29,2026-04-30 03:01:27,298.0,,,,,,,false,,,nateprewitt
fb56915c62230fc5e4880e3b576a6d734cd3db9b,psf/requests,passed,2026-04-30 02:56:29,2026-04-30 02:56:51,22.0,,,,,,,false,,,nateprewitt
fb56915c62230fc5e4880e3b576a6d734cd3db9b,psf/requests,passed,2026-04-30 02:56:29,2026-04-30 02:56:45,16.0,,,,,,,false,,,nateprewitt
0d1c887f7a7f48994ee383921dce54ee16dcff0f,psf/requests,passed,2026-04-30 02:51:51,2026-04-30 02:52:07,16.0,,,,,,,true,,,nateprewitt
0d1c887f7a7f48994ee383921dce54ee16dcff0f,psf/requests,passed,2026-04-30 02:51:51,2026-04-30 02:52:07,16.0,,,,,,,true,,,nateprewitt
0d1c887f7a7f48994ee383921dce54ee16dcff0f,psf/requests,passed,2026-04-30 02:51:51,2026-04-30 02:52:55,64.0,,,,,,,true,,,nateprewitt
0d1c887f7a7f48994ee383921dce54ee16dcff0f,psf/requests,passed,2026-04-30 02:51:51,2026-04-30 02:56:49,298.0,,,,,,,true,,,nateprewitt
0d1c887f7a7f48994ee383921dce54ee16dcff0f,psf/requests,passed,2026-04-30 02:46:56,2026-04-30 02:47:15,19.0,,,,,,,false,,,nateprewitt
0d1c887f7a7f48994ee383921dce54ee16dcff0f,psf/requests,passed,2026-04-30 02:52:02,2026-04-30 02:55:46,224.0,,,,,,,false,,,nateprewitt
6ec76b4a36fba4a32fb72f5f9ba04e632635e477,psf/requests,passed,2026-04-30 00:19:59,2026-04-30 00:20:10,11.0,,,,,,,false,,,nateprewitt
5a4acd02025c48f994ac596cb9f30d6482424b21,psf/requests,passed,2026-04-29 22:38:55,2026-04-29 22:39:18,23.0,,,,,,,true,,,nateprewitt
5a4acd02025c48f994ac596cb9f30d6482424b21,psf/requests,passed,2026-04-29 22:38:55,2026-04-29 22:39:19,24.0,,,,,,,true,,,nateprewitt
5a4acd02025c48f994ac596cb9f30d6482424b21,psf/requests,passed,2026-04-29 22:38:55,2026-04-29 22:39:20,25.0,,,,,,,true,,,nateprewitt
5a4acd02025c48f994ac596cb9f30d6482424b21,psf/requests,passed,2026-04-29 22:38:55,2026-04-29 22:40:06,71.0,,,,,,,true,,,nateprewitt
5a4acd02025c48f994ac596cb9f30d6482424b21,psf/requests,passed,2026-04-29 22:38:55,2026-04-29 22:44:17,322.0,,,,,,,true,,,nateprewitt
5a4acd02025c48f994ac596cb9f30d6482424b21,psf/requests,passed,2026-04-29 22:38:52,2026-04-29 22:39:12,20.0,,,,,,,false,,,nateprewitt
5a4acd02025c48f994ac596cb9f30d6482424b21,psf/requests,passed,2026-04-29 22:38:52,2026-04-29 22:39:13,21.0,,,,,,,false,,,nateprewitt
5a4acd02025c48f994ac596cb9f30d6482424b21,psf/requests,passed,2026-04-29 22:38:52,2026-04-29 22:43:45,293.0,,,,,,,false,,,nateprewitt
8a864d4576b48830290a3f2ab132b95b68c0a8b8,psf/requests,passed,2026-04-29 22:32:49,2026-04-29 22:33:10,21.0,,,,,,,false,,,nateprewitt
8a864d4576b48830290a3f2ab132b95b68c0a8b8,psf/requests,passed,2026-04-29 22:32:49,2026-04-29 22:33:08,19.0,,,,,,,false,,,nateprewitt
8a864d4576b48830290a3f2ab132b95b68c0a8b8,psf/requests,passed,2026-04-29 22:39:16,2026-04-29 22:42:59,223.0,,,,,,,false,,,nateprewitt
5bae75923893e3e80c1af77824435d243e08f053,psf/requests,failed,2026-04-29 22:16:41,2026-04-29 22:16:57,16.0,,,,,,,false,,,nateprewitt
5bae75923893e3e80c1af77824435d243e08f053,psf/requests,passed,2026-04-29 22:16:41,2026-04-29 22:17:13,32.0,,,,,,,false,,,nateprewitt
5bae75923893e3e80c1af77824435d243e08f053,psf/requests,failed,2026-04-29 22:16:41,2026-04-29 22:21:30,289.0,,,,,,,false,,,nateprewitt
6ec76b4a36fba4a32fb72f5f9ba04e632635e477,psf/requests,passed,2026-04-29 00:20:23,2026-04-29 00:20:35,12.0,,,,,,,false,,,nateprewitt
6ec76b4a36fba4a32fb72f5f9ba04e632635e477,psf/requests,passed,2026-04-28 00:19:04,2026-04-28 00:19:14,10.0,,,,,,,false,,,nateprewitt
6ec76b4a36fba4a32fb72f5f9ba04e632635e477,psf/requests,passed,2026-04-27 20:57:40,2026-04-27 20:58:27,47.0,,,,,,,false,,,dependabot[bot]
6ec76b4a36fba4a32fb72f5f9ba04e632635e477,psf/requests,passed,2026-04-27 20:50:34,2026-04-27 20:51:38,64.0,,,,,,,false,,,dependabot[bot]
6ec76b4a36fba4a32fb72f5f9ba04e632635e477,psf/requests,passed,2026-04-27 15:08:25,2026-04-27 15:09:12,47.0,,,,,,,false,,,dependabot[bot]
6ec76b4a36fba4a32fb72f5f9ba04e632635e477,psf/requests,passed,2026-04-27 15:08:23,2026-04-27 15:08:44,21.0,,,,,,,false,,,nateprewitt
6ec76b4a36fba4a32fb72f5f9ba04e632635e477,psf/requests,passed,2026-04-27 15:08:23,2026-04-27 15:08:44,21.0,,,,,,,false,,,nateprewitt
6ec76b4a36fba4a32fb72f5f9ba04e632635e477,psf/requests,passed,2026-04-27 15:08:23,2026-04-27 15:09:32,69.0,,,,,,,false,,,nateprewitt
6ec76b4a36fba4a32fb72f5f9ba04e632635e477,psf/requests,passed,2026-04-27 15:08:23,2026-04-27 15:14:34,371.0,,,,,,,false,,,nateprewitt
f43f750ee10addbaa13901c1017631b4d70fd6e3,psf/requests,passed,2026-04-27 00:15:40,2026-04-27 00:15:48,8.0,,,,,,,false,,,nateprewitt
f43f750ee10addbaa13901c1017631b4d70fd6e3,psf/requests,passed,2026-04-26 23:09:41,2026-04-26 23:10:55,74.0,,,,,,,false,,,nateprewitt
3ed1cdc1bf9cc6365ba9be68bd4c039234051723,psf/requests,passed,2026-04-30 14:27:51,2026-04-30 14:34:51,420.0,,,,,,,true,,,nateprewitt
3ed1cdc1bf9cc6365ba9be68bd4c039234051723,psf/requests,passed,2026-04-30 14:27:52,2026-04-30 14:28:18,26.0,,,,,,,true,,,nateprewitt
3ed1cdc1bf9cc6365ba9be68bd4c039234051723,psf/requests,passed,2026-04-30 14:27:51,2026-04-30 14:28:20,29.0,,,,,,,true,,,nateprewitt
3ed1cdc1bf9cc6365ba9be68bd4c039234051723,psf/requests,passed,2026-04-30 14:27:52,2026-04-30 14:29:11,79.0,,,,,,,true,,,nateprewitt
f19b86d99cf6b7a4210122c3e0b088598f70960a,psf/requests,passed,2026-04-27 15:03:03,2026-04-27 15:03:23,20.0,,,,,,,true,,,nateprewitt
f19b86d99cf6b7a4210122c3e0b088598f70960a,psf/requests,passed,2026-04-27 15:03:03,2026-04-27 15:03:32,29.0,,,,,,,true,,,nateprewitt
f19b86d99cf6b7a4210122c3e0b088598f70960a,psf/requests,passed,2026-04-27 15:03:03,2026-04-27 15:04:15,72.0,,,,,,,true,,,nateprewitt
f19b86d99cf6b7a4210122c3e0b088598f70960a,psf/requests,passed,2026-04-27 15:03:03,2026-04-27 15:08:01,298.0,,,,,,,true,,,nateprewitt
f43f750ee10addbaa13901c1017631b4d70fd6e3,psf/requests,passed,2026-04-26 00:14:40,2026-04-26 00:14:47,7.0,,,,,,,false,,,nateprewitt
f43f750ee10addbaa13901c1017631b4d70fd6e3,psf/requests,passed,2026-04-25 00:14:36,2026-04-25 00:14:45,9.0,,,,,,,false,,,nateprewitt
f43f750ee10addbaa13901c1017631b4d70fd6e3,psf/requests,passed,2026-04-24 14:19:28,2026-04-24 14:19:48,20.0,,,,,,,false,,,nateprewitt
f43f750ee10addbaa13901c1017631b4d70fd6e3,psf/requests,passed,2026-04-24 14:19:28,2026-04-24 14:20:10,42.0,,,,,,,false,,,nateprewitt
f43f750ee10addbaa13901c1017631b4d70fd6e3,psf/requests,passed,2026-04-24 14:19:28,2026-04-24 14:20:40,72.0,,,,,,,false,,,nateprewitt
f43f750ee10addbaa13901c1017631b4d70fd6e3,psf/requests,passed,2026-04-24 14:19:28,2026-04-24 14:24:34,306.0,,,,,,,false,,,nateprewitt
2cc0dab0ec1381dd03aff0cc461bced0d18e34a7,psf/requests,passed,2026-04-24 10:52:58,2026-04-24 10:53:17,19.0,,,,,,,true,,,dependabot[bot]
2cc0dab0ec1381dd03aff0cc461bced0d18e34a7,psf/requests,passed,2026-04-24 10:52:58,2026-04-24 10:53:20,22.0,,,,,,,true,,,dependabot[bot]
2cc0dab0ec1381dd03aff0cc461bced0d18e34a7,psf/requests,passed,2026-04-24 10:52:58,2026-04-24 10:54:06,68.0,,,,,,,true,,,dependabot[bot]
2cc0dab0ec1381dd03aff0cc461bced0d18e34a7,psf/requests,passed,2026-04-24 10:52:58,2026-04-24 10:58:04,306.0,,,,,,,true,,,dependabot[bot]
2cc0dab0ec1381dd03aff0cc461bced0d18e34a7,psf/requests,passed,2026-04-24 10:52:56,2026-04-24 10:53:25,29.0,,,,,,,false,,,dependabot[bot]
2cc0dab0ec1381dd03aff0cc461bced0d18e34a7,psf/requests,passed,2026-04-24 10:52:56,2026-04-24 10:58:54,358.0,,,,,,,false,,,dependabot[bot]
9450dd51fb423c17f01325d5f23e62b0450696c6,psf/requests,passed,2026-04-24 10:52:08,2026-04-24 10:52:56,48.0,,,,,,,false,,,dependabot[bot]
9450dd51fb423c17f01325d5f23e62b0450696c6,psf/requests,passed,2026-04-24 10:52:08,2026-04-24 10:53:13,65.0,,,,,,,false,,,dependabot[bot]
9450dd51fb423c17f01325d5f23e62b0450696c6,psf/requests,passed,2026-04-24 10:52:04,2026-04-24 10:52:22,18.0,,,,,,,false,,,sigmavirus24
9450dd51fb423c17f01325d5f23e62b0450696c6,psf/requests,passed,2026-04-24 10:52:04,2026-04-24 10:52:25,21.0,,,,,,,false,,,sigmavirus24
9450dd51fb423c17f01325d5f23e62b0450696c6,psf/requests,passed,2026-04-24 10:52:04,2026-04-24 10:53:13,69.0,,,,,,,false,,,sigmavirus24
9450dd51fb423c17f01325d5f23e62b0450696c6,psf/requests,passed,2026-04-24 10:52:04,2026-04-24 10:56:31,267.0,,,,,,,false,,,sigmavirus24
d8025e3d0f7576df227eda665ca58891474aa4e8,psf/requests,canceled,2026-04-24 05:58:30,2026-04-24 05:58:30,0.0,,,,,,,true,,,mdali9821
d8025e3d0f7576df227eda665ca58891474aa4e8,psf/requests,canceled,2026-04-24 05:58:30,2026-04-24 05:58:30,0.0,,,,,,,true,,,mdali9821
d8025e3d0f7576df227eda665ca58891474aa4e8,psf/requests,canceled,2026-04-24 05:58:30,2026-04-24 05:58:30,0.0,,,,,,,true,,,mdali9821
d8025e3d0f7576df227eda665ca58891474aa4e8,psf/requests,canceled,2026-04-24 05:58:30,2026-04-24 05:58:30,0.0,,,,,,,true,,,mdali9821
f41323d8dffe3ff8f158845464601b7f41552209,psf/requests,passed,2026-04-24 03:45:53,2026-04-24 03:46:08,15.0,,,,,,,true,,,nateprewitt
f41323d8dffe3ff8f158845464601b7f41552209,psf/requests,passed,2026-04-24 03:45:53,2026-04-24 03:46:18,25.0,,,,,,,true,,,nateprewitt
f41323d8dffe3ff8f158845464601b7f41552209,psf/requests,passed,2026-04-24 03:45:53,2026-04-24 03:46:57,64.0,,,,,,,true,,,nateprewitt
f41323d8dffe3ff8f158845464601b7f41552209,psf/requests,passed,2026-04-24 03:45:53,2026-04-24 03:50:17,264.0,,,,,,,true,,,nateprewitt
f41323d8dffe3ff8f158845464601b7f41552209,psf/requests,passed,2026-04-24 03:42:27,2026-04-24 03:42:42,15.0,,,,,,,false,,,nateprewitt
f41323d8dffe3ff8f158845464601b7f41552209,psf/requests,passed,2026-04-24 03:42:27,2026-04-24 03:46:45,258.0,,,,,,,false,,,nateprewitt
93bf5331a70cd2c77ac3ba43f85c918cae67c69f,psf/requests,passed,2026-04-24 00:17:23,2026-04-24 00:17:33,10.0,,,,,,,false,,,nateprewitt
93bf5331a70cd2c77ac3ba43f85c918cae67c69f,psf/requests,passed,2026-04-23 20:53:51,2026-04-23 20:54:14,23.0,,,,,,,false,,,nateprewitt
93bf5331a70cd2c77ac3ba43f85c918cae67c69f,psf/requests,passed,2026-04-23 20:53:51,2026-04-23 20:54:08,17.0,,,,,,,false,,,nateprewitt
93bf5331a70cd2c77ac3ba43f85c918cae67c69f,psf/requests,passed,2026-04-23 20:53:51,2026-04-23 20:55:05,74.0,,,,,,,false,,,nateprewitt
93bf5331a70cd2c77ac3ba43f85c918cae67c69f,psf/requests,passed,2026-04-23 20:53:51,2026-04-23 20:59:02,311.0,,,,,,,false,,,nateprewitt
fceab9fc38f6ccedce7a71c026eef78db3bc8822,psf/requests,passed,2026-04-23 20:45:51,2026-04-23 20:46:06,15.0,,,,,,,true,,,nateprewitt
fceab9fc38f6ccedce7a71c026eef78db3bc8822,psf/requests,passed,2026-04-23 20:45:51,2026-04-23 20:46:15,24.0,,,,,,,true,,,nateprewitt
fceab9fc38f6ccedce7a71c026eef78db3bc8822,psf/requests,passed,2026-04-23 20:45:51,2026-04-23 20:46:55,64.0,,,,,,,true,,,nateprewitt
fceab9fc38f6ccedce7a71c026eef78db3bc8822,psf/requests,passed,2026-04-23 20:45:51,2026-04-23 20:50:40,289.0,,,,,,,true,,,nateprewitt
79f4df84cf77a2fee873809821dfbd786de05b97,psf/requests,passed,2026-04-23 00:17:57,2026-04-23 00:18:06,9.0,,,,,,,false,,,nateprewitt
79f4df84cf77a2fee873809821dfbd786de05b97,psf/requests,passed,2026-04-22 00:12:59,2026-04-22 00:13:07,8.0,,,,,,,false,,,nateprewitt
79f4df84cf77a2fee873809821dfbd786de05b97,psf/requests,passed,2026-04-21 00:15:56,2026-04-21 00:16:04,8.0,,,,,,,false,,,nateprewitt
79f4df84cf77a2fee873809821dfbd786de05b97,psf/requests,passed,2026-04-20 19:32:35,2026-04-20 19:32:55,20.0,,,,,,,false,,,nateprewitt
79f4df84cf77a2fee873809821dfbd786de05b97,psf/requests,passed,2026-04-20 19:32:35,2026-04-20 19:32:55,20.0,,,,,,,false,,,nateprewitt
79f4df84cf77a2fee873809821dfbd786de05b97,psf/requests,passed,2026-04-20 19:32:35,2026-04-20 19:33:42,67.0,,,,,,,false,,,nateprewitt
79f4df84cf77a2fee873809821dfbd786de05b97,psf/requests,passed,2026-04-20 19:32:35,2026-04-20 19:36:59,264.0,,,,,,,false,,,nateprewitt
b294b08fe3b08df9f646f64d1250f96193dab066,psf/requests,passed,2026-04-20 19:25:47,2026-04-20 19:26:40,53.0,,,,,,,false,,,dependabot[bot]
2ba35860d42d3acefeb629c9b6aa31dfd7a72c61,psf/requests,passed,2026-04-20 19:19:39,2026-04-20 19:19:58,19.0,,,,,,,true,,,dependabot[bot]
2ba35860d42d3acefeb629c9b6aa31dfd7a72c61,psf/requests,passed,2026-04-20 19:19:39,2026-04-20 19:19:54,15.0,,,,,,,true,,,dependabot[bot]
2ba35860d42d3acefeb629c9b6aa31dfd7a72c61,psf/requests,passed,2026-04-20 19:19:39,2026-04-20 19:20:52,73.0,,,,,,,true,,,dependabot[bot]
2ba35860d42d3acefeb629c9b6aa31dfd7a72c61,psf/requests,passed,2026-04-20 19:19:39,2026-04-20 19:24:17,278.0,,,,,,,true,,,dependabot[bot]
2ba35860d42d3acefeb629c9b6aa31dfd7a72c61,psf/requests,passed,2026-04-20 19:19:37,2026-04-20 19:19:52,15.0,,,,,,,false,,,dependabot[bot]
2ba35860d42d3acefeb629c9b6aa31dfd7a72c61,psf/requests,passed,2026-04-20 19:19:37,2026-04-20 19:24:01,264.0,,,,,,,false,,,dependabot[bot]
b294b08fe3b08df9f646f64d1250f96193dab066,psf/requests,passed,2026-04-20 19:19:00,2026-04-20 19:19:45,45.0,,,,,,,false,,,dependabot[bot]
b294b08fe3b08df9f646f64d1250f96193dab066,psf/requests,passed,2026-04-20 16:24:35,2026-04-20 16:24:52,17.0,,,,,,,false,,,nateprewitt
b294b08fe3b08df9f646f64d1250f96193dab066,psf/requests,passed,2026-04-20 16:24:35,2026-04-20 16:25:00,25.0,,,,,,,false,,,nateprewitt
b294b08fe3b08df9f646f64d1250f96193dab066,psf/requests,passed,2026-04-20 16:24:35,2026-04-20 16:25:43,68.0,,,,,,,false,,,nateprewitt
b294b08fe3b08df9f646f64d1250f96193dab066,psf/requests,passed,2026-04-20 16:24:35,2026-04-20 16:28:57,262.0,,,,,,,false,,,nateprewitt
508709e3f5780133e149c9040414774b5a9a5677,psf/requests,canceled,2026-04-20 14:23:16,2026-04-20 14:23:16,0.0,,,,,,,true,,,adnasal
508709e3f5780133e149c9040414774b5a9a5677,psf/requests,canceled,2026-04-20 14:23:16,2026-04-20 14:23:16,0.0,,,,,,,true,,,adnasal
508709e3f5780133e149c9040414774b5a9a5677,psf/requests,canceled,2026-04-20 14:23:16,2026-04-20 14:23:16,0.0,,,,,,,true,,,adnasal
508709e3f5780133e149c9040414774b5a9a5677,psf/requests,canceled,2026-04-20 14:23:16,2026-04-20 14:23:16,0.0,,,,,,,true,,,adnasal
cdd97bf3ed256e3111dc9cedd970df481a75c08a,psf/requests,passed,2026-04-20 16:18:09,2026-04-20 16:18:27,18.0,,,,,,,true,,,nateprewitt
cdd97bf3ed256e3111dc9cedd970df481a75c08a,psf/requests,passed,2026-04-20 16:18:09,2026-04-20 16:18:32,23.0,,,,,,,true,,,nateprewitt
cdd97bf3ed256e3111dc9cedd970df481a75c08a,psf/requests,passed,2026-04-20 16:18:09,2026-04-20 16:19:27,78.0,,,,,,,true,,,nateprewitt
cdd97bf3ed256e3111dc9cedd970df481a75c08a,psf/requests,passed,2026-04-20 16:18:09,2026-04-20 16:22:25,256.0,,,,,,,true,,,nateprewitt
5f3ff9b9e4d3d44960467e7877e06e9efa22f20b,psf/requests,passed,2026-04-20 00:13:41,2026-04-20 00:13:51,10.0,,,,,,,false,,,nateprewitt
5f3ff9b9e4d3d44960467e7877e06e9efa22f20b,psf/requests,passed,2026-04-19 23:07:20,2026-04-19 23:08:32,72.0,,,,,,,false,,,nateprewitt
5f3ff9b9e4d3d44960467e7877e06e9efa22f20b,psf/requests,passed,2026-04-19 18:34:22,2026-04-19 18:38:45,263.0,,,,,,,false,,,nateprewitt
5f3ff9b9e4d3d44960467e7877e06e9efa22f20b,psf/requests,passed,2026-04-19 18:34:22,2026-04-19 18:34:41,19.0,,,,,,,false,,,nateprewitt
5f3ff9b9e4d3d44960467e7877e06e9efa22f20b,psf/requests,passed,2026-04-19 18:34:22,2026-04-19 18:34:38,16.0,,,,,,,false,,,nateprewitt
5f3ff9b9e4d3d44960467e7877e06e9efa22f20b,psf/requests,passed,2026-04-19 18:34:22,2026-04-19 18:35:36,74.0,,,,,,,false,,,nateprewitt
514c1623fefff760bfa15a693aa38e474aba8560,psf/requests,passed,2026-04-19 00:12:21,2026-04-19 00:12:32,11.0,,,,,,,false,,,nateprewitt
06cc52fe881e5a0f2c78fdbeea53ea8ed8a144ad,psf/requests,passed,2026-04-18 19:51:34,2026-04-18 19:51:49,15.0,,,,,,,true,,,cclauss
06cc52fe881e5a0f2c78fdbeea53ea8ed8a144ad,psf/requests,passed,2026-04-18 19:51:34,2026-04-18 19:51:51,17.0,,,,,,,true,,,cclauss
06cc52fe881e5a0f2c78fdbeea53ea8ed8a144ad,psf/requests,passed,2026-04-18 19:51:34,2026-04-18 19:52:41,67.0,,,,,,,true,,,cclauss
06cc52fe881e5a0f2c78fdbeea53ea8ed8a144ad,psf/requests,passed,2026-04-18 19:51:34,2026-04-18 19:56:17,283.0,,,,,,,true,,,cclauss
514c1623fefff760bfa15a693aa38e474aba8560,psf/requests,passed,2026-04-18 00:13:08,2026-04-18 00:13:19,11.0,,,,,,,false,,,nateprewitt
514c1623fefff760bfa15a693aa38e474aba8560,psf/requests,passed,2026-04-17 00:15:21,2026-04-17 00:15:31,10.0,,,,,,,false,,,nateprewitt
514c1623fefff760bfa15a693aa38e474aba8560,psf/requests,passed,2026-04-16 00:16:45,2026-04-16 00:16:54,9.0,,,,,,,false,,,nateprewitt
514c1623fefff760bfa15a693aa38e474aba8560,psf/requests,passed,2026-04-15 18:31:10,2026-04-15 18:31:30,20.0,,,,,,,false,,,nateprewitt
514c1623fefff760bfa15a693aa38e474aba8560,psf/requests,passed,2026-04-15 18:31:10,2026-04-15 18:32:32,82.0,,,,,,,false,,,nateprewitt
514c1623fefff760bfa15a693aa38e474aba8560,psf/requests,passed,2026-04-15 18:31:10,2026-04-15 18:35:23,253.0,,,,,,,false,,,nateprewitt
514c1623fefff760bfa15a693aa38e474aba8560,psf/requests,passed,2026-04-15 18:31:07,2026-04-15 18:31:32,25.0,,,,,,,false,,,nateprewitt
a6c03398279ba6cedab995cf680a5c21cbf32306,psf/requests,passed,2026-04-15 18:25:46,2026-04-15 18:26:01,15.0,,,,,,,true,,,nateprewitt
a6c03398279ba6cedab995cf680a5c21cbf32306,psf/requests,passed,2026-04-15 18:25:46,2026-04-15 18:26:11,25.0,,,,,,,true,,,nateprewitt
a6c03398279ba6cedab995cf680a5c21cbf32306,psf/requests,passed,2026-04-15 18:25:46,2026-04-15 18:26:54,68.0,,,,,,,true,,,nateprewitt
a6c03398279ba6cedab995cf680a5c21cbf32306,psf/requests,passed,2026-04-15 18:30:41,2026-04-15 18:34:39,238.0,,,,,,,true,,,nateprewitt
a6c03398279ba6cedab995cf680a5c21cbf32306,psf/requests,passed,2026-04-15 18:24:01,2026-04-15 18:24:22,21.0,,,,,,,false,,,nateprewitt
a6c03398279ba6cedab995cf680a5c21cbf32306,psf/requests,passed,2026-04-15 18:24:01,2026-04-15 18:28:41,280.0,,,,,,,false,,,nateprewitt
06eaf91c8862cd85b77a75d6276430f115ae0b9e,psf/requests,passed,2026-04-15 18:21:33,2026-04-15 18:26:06,273.0,,,,,,,false,,,nateprewitt
06eaf91c8862cd85b77a75d6276430f115ae0b9e,psf/requests,passed,2026-04-15 18:21:25,2026-04-15 18:21:51,26.0,,,,,,,false,,,nateprewitt
62c6cfa44f2b22797e7bfe71c4c3db47708c92dd,psf/requests,passed,2026-04-15 18:19:21,2026-04-15 18:19:43,22.0,,,,,,,false,,,nateprewitt
62c6cfa44f2b22797e7bfe71c4c3db47708c92dd,psf/requests,failed,2026-04-15 18:19:21,2026-04-15 18:24:01,280.0,,,,,,,false,,,nateprewitt
d2f6bdecc835475c3cfbb83565ea879d7b2712ca,psf/requests,passed,2026-04-15 15:06:49,2026-04-15 15:07:13,24.0,,,,,,,false,,,nateprewitt
d2f6bdecc835475c3cfbb83565ea879d7b2712ca,psf/requests,passed,2026-04-15 15:06:49,2026-04-15 15:07:15,26.0,,,,,,,false,,,nateprewitt
d2f6bdecc835475c3cfbb83565ea879d7b2712ca,psf/requests,passed,2026-04-15 15:06:49,2026-04-15 15:07:59,70.0,,,,,,,false,,,nateprewitt
d2f6bdecc835475c3cfbb83565ea879d7b2712ca,psf/requests,passed,2026-04-15 15:06:49,2026-04-15 15:11:46,297.0,,,,,,,false,,,nateprewitt
a044b020dea43230585126901684a0f30ec635a8,psf/requests,passed,2026-04-15 14:56:42,2026-04-15 14:57:07,25.0,,,,,,,false,,,nateprewitt
a044b020dea43230585126901684a0f30ec635a8,psf/requests,passed,2026-04-15 14:56:42,2026-04-15 14:57:00,18.0,,,,,,,false,,,nateprewitt
a044b020dea43230585126901684a0f30ec635a8,psf/requests,passed,2026-04-15 14:56:42,2026-04-15 14:57:57,75.0,,,,,,,false,,,nateprewitt
a044b020dea43230585126901684a0f30ec635a8,psf/requests,passed,2026-04-15 14:56:42,2026-04-15 15:03:45,423.0,,,,,,,false,,,nateprewitt
a5e64000f489b059a5aca9463afd9f39b1c5b273,psf/requests,passed,2026-04-15 14:55:55,2026-04-15 14:56:13,18.0,,,,,,,true,,,nateprewitt
a5e64000f489b059a5aca9463afd9f39b1c5b273,psf/requests,passed,2026-04-15 14:55:55,2026-04-15 14:56:17,22.0,,,,,,,true,,,nateprewitt
a5e64000f489b059a5aca9463afd9f39b1c5b273,psf/requests,passed,2026-04-15 14:55:55,2026-04-15 14:57:01,66.0,,,,,,,true,,,nateprewitt
a5e64000f489b059a5aca9463afd9f39b1c5b273,psf/requests,passed,2026-04-15 14:55:55,2026-04-15 15:00:19,264.0,,,,,,,true,,,nateprewitt
16df2a09173b17a82d607c31a6826b7c5dd0fc57,psf/requests,passed,2026-04-15 03:04:50,2026-04-15 03:05:08,18.0,,,,,,,false,,,nateprewitt
16df2a09173b17a82d607c31a6826b7c5dd0fc57,psf/requests,passed,2026-04-15 03:04:50,2026-04-15 03:05:03,13.0,,,,,,,false,,,nateprewitt
16df2a09173b17a82d607c31a6826b7c5dd0fc57,psf/requests,passed,2026-04-15 03:04:50,2026-04-15 03:05:59,69.0,,,,,,,false,,,nateprewitt
16df2a09173b17a82d607c31a6826b7c5dd0fc57,psf/requests,passed,2026-04-15 03:04:50,2026-04-15 03:09:24,274.0,,,,,,,false,,,nateprewitt
5b42d1230f043bb06a375dec6a4c2699d162a515,psf/requests,passed,2026-04-15 02:52:35,2026-04-15 02:52:48,13.0,,,,,,,true,,,nateprewitt
5b42d1230f043bb06a375dec6a4c2699d162a515,psf/requests,passed,2026-04-15 02:52:35,2026-04-15 02:52:55,20.0,,,,,,,true,,,nateprewitt
5b42d1230f043bb06a375dec6a4c2699d162a515,psf/requests,passed,2026-04-15 02:52:35,2026-04-15 02:53:43,68.0,,,,,,,true,,,nateprewitt
5b42d1230f043bb06a375dec6a4c2699d162a515,psf/requests,passed,2026-04-15 02:52:35,2026-04-15 02:58:08,333.0,,,,,,,true,,,nateprewitt
5b42d1230f043bb06a375dec6a4c2699d162a515,psf/requests,passed,2026-04-15 02:44:38,2026-04-15 02:44:56,18.0,,,,,,,false,,,nateprewitt
5b42d1230f043bb06a375dec6a4c2699d162a515,psf/requests,passed,2026-04-15 02:44:38,2026-04-15 02:49:09,271.0,,,,,,,false,,,nateprewitt
83051e7cda8d2ae0edd11d91642a49f652a0071c,psf/requests,failed,2026-04-15 02:44:36,2026-04-15 02:46:02,86.0,,,,,,,false,,,Copilot
83051e7cda8d2ae0edd11d91642a49f652a0071c,psf/requests,passed,2026-04-15 02:44:35,2026-04-15 02:44:52,17.0,,,,,,,true,,,Rohan5commit
83051e7cda8d2ae0edd11d91642a49f652a0071c,psf/requests,passed,2026-04-15 02:44:35,2026-04-15 02:44:49,14.0,,,,,,,true,,,Rohan5commit
83051e7cda8d2ae0edd11d91642a49f652a0071c,psf/requests,passed,2026-04-15 02:44:35,2026-04-15 02:45:32,57.0,,,,,,,true,,,Rohan5commit
83051e7cda8d2ae0edd11d91642a49f652a0071c,psf/requests,passed,2026-04-15 02:44:35,2026-04-15 02:49:25,290.0,,,,,,,true,,,Rohan5commit
623adf466ede67255e789576131e596d0996e9f6,psf/requests,failed,2026-04-15 02:28:13,2026-04-15 02:29:15,62.0,,,,,,,false,,,Copilot
623adf466ede67255e789576131e596d0996e9f6,psf/requests,passed,2026-04-15 02:28:12,2026-04-15 02:28:25,13.0,,,,,,,true,,,Rohan5commit
623adf466ede67255e789576131e596d0996e9f6,psf/requests,passed,2026-04-15 02:28:12,2026-04-15 02:28:28,16.0,,,,,,,true,,,Rohan5commit
623adf466ede67255e789576131e596d0996e9f6,psf/requests,passed,2026-04-15 02:28:12,2026-04-15 02:29:12,60.0,,,,,,,true,,,Rohan5commit
623adf466ede67255e789576131e596d0996e9f6,psf/requests,passed,2026-04-15 02:28:12,2026-04-15 02:32:37,265.0,,,,,,,true,,,Rohan5commit
fefdfd854ded365c5a8218d5bc3ecaaac2035505,psf/requests,failed,2026-04-15 02:26:22,2026-04-15 02:27:15,53.0,,,,,,,false,,,Copilot
fefdfd854ded365c5a8218d5bc3ecaaac2035505,psf/requests,passed,2026-04-15 02:26:20,2026-04-15 02:26:53,33.0,,,,,,,true,,,Rohan5commit
fefdfd854ded365c5a8218d5bc3ecaaac2035505,psf/requests,passed,2026-04-15 02:26:20,2026-04-15 02:26:37,17.0,,,,,,,true,,,Rohan5commit
fefdfd854ded365c5a8218d5bc3ecaaac2035505,psf/requests,passed,2026-04-15 02:26:20,2026-04-15 02:27:24,64.0,,,,,,,true,,,Rohan5commit
fefdfd854ded365c5a8218d5bc3ecaaac2035505,psf/requests,passed,2026-04-15 02:26:20,2026-04-15 02:31:02,282.0,,,,,,,true,,,Rohan5commit
fe2063be0cfbc08150ef468ae57a708c2514a321,psf/requests,passed,2026-04-15 00:16:32,2026-04-15 00:16:40,8.0,,,,,,,false,,,nateprewitt
fe2063be0cfbc08150ef468ae57a708c2514a321,psf/requests,passed,2026-04-14 17:58:33,2026-04-14 18:02:54,261.0,,,,,,,false,,,nateprewitt
fe2063be0cfbc08150ef468ae57a708c2514a321,psf/requests,passed,2026-04-14 17:58:33,2026-04-14 17:58:50,17.0,,,,,,,false,,,nateprewitt
fe2063be0cfbc08150ef468ae57a708c2514a321,psf/requests,passed,2026-04-14 17:58:33,2026-04-14 17:58:57,24.0,,,,,,,false,,,nateprewitt
fe2063be0cfbc08150ef468ae57a708c2514a321,psf/requests,passed,2026-04-14 17:58:33,2026-04-14 17:59:46,73.0,,,,,,,false,,,nateprewitt
e5548492971ef4f3dfb8bf335e633a2b704bb56e,psf/requests,passed,2026-04-14 17:26:51,2026-04-14 17:27:10,19.0,,,,,,,true,,,nateprewitt
e5548492971ef4f3dfb8bf335e633a2b704bb56e,psf/requests,passed,2026-04-14 17:26:51,2026-04-14 17:27:12,21.0,,,,,,,true,,,nateprewitt
e5548492971ef4f3dfb8bf335e633a2b704bb56e,psf/requests,passed,2026-04-14 17:26:50,2026-04-14 17:27:58,68.0,,,,,,,true,,,nateprewitt
7374c85ddefc3f4b177a698ab9f0cbb6a5c0b392,pallets/flask,passed,2026-05-05 00:25:30,2026-05-05 00:25:39,9.0,,,,,,,false,,,davidism
7374c85ddefc3f4b177a698ab9f0cbb6a5c0b392,pallets/flask,passed,2026-05-04 00:25:14,2026-05-04 00:25:27,13.0,,,,,,,false,,,davidism
ee141077bb9b67e285dd428de7b33258601030e0,pallets/flask,failed,2026-05-03 13:09:16,2026-05-03 13:09:33,17.0,,,,,,,true,,,virus-16
ee141077bb9b67e285dd428de7b33258601030e0,pallets/flask,failed,2026-05-03 13:09:16,2026-05-03 13:09:54,38.0,,,,,,,true,,,virus-16
7374c85ddefc3f4b177a698ab9f0cbb6a5c0b392,pallets/flask,passed,2026-05-03 00:24:42,2026-05-03 00:24:52,10.0,,,,,,,false,,,davidism
569defc304d9f117bf556dbba6c5301ebb34d62a,pallets/flask,passed,2026-05-02 14:56:47,2026-05-02 14:57:06,19.0,,,,,,,true,,,harimsd07
569defc304d9f117bf556dbba6c5301ebb34d62a,pallets/flask,failed,2026-05-02 14:56:47,2026-05-02 14:57:33,46.0,,,,,,,true,,,harimsd07
7374c85ddefc3f4b177a698ab9f0cbb6a5c0b392,pallets/flask,passed,2026-05-02 13:14:07,2026-05-02 13:14:20,13.0,,,,,,,false,,,davidism
16f89bc51d6811724e0641e11593d2ce2e9e70d0,pallets/flask,passed,2026-05-02 08:21:48,2026-05-02 08:22:07,19.0,,,,,,,true,,,mlmejo
80669a0ea83fdabd4a4cd3da10afaac12394af6f,pallets/flask,passed,2026-05-02 04:06:48,2026-05-02 04:07:08,20.0,,,,,,,true,,,davidism
80669a0ea83fdabd4a4cd3da10afaac12394af6f,pallets/flask,failed,2026-05-02 04:06:48,2026-05-02 04:07:33,45.0,,,,,,,true,,,davidism
dcbede0cb00df32e7f1895e19e37d5f40a75d1f6,pallets/flask,failed,2026-05-02 03:58:59,2026-05-02 03:59:33,34.0,,,,,,,false,,,davidism
dcbede0cb00df32e7f1895e19e37d5f40a75d1f6,pallets/flask,passed,2026-05-02 03:58:59,2026-05-02 03:59:18,19.0,,,,,,,false,,,davidism
9368fb3f3c52d74534d14c1bef03c79c103356cd,pallets/flask,passed,2026-05-02 03:56:49,2026-05-02 03:57:08,19.0,,,,,,,true,,,davidism
9368fb3f3c52d74534d14c1bef03c79c103356cd,pallets/flask,failed,2026-05-02 03:56:49,2026-05-02 03:57:35,46.0,,,,,,,true,,,davidism
9c2c9d6e31b1ba06b9fd39f06df25b27f6544909,pallets/flask,passed,2026-05-02 03:56:21,2026-05-02 03:56:40,19.0,,,,,,,true,,,davidism
9c2c9d6e31b1ba06b9fd39f06df25b27f6544909,pallets/flask,canceled,2026-05-02 03:56:21,2026-05-02 03:56:55,34.0,,,,,,,true,,,davidism
06ea505ce2b2042af26e96d35ebf159af7c0869d,pallets/flask,failed,2026-05-02 03:32:05,2026-05-02 03:32:52,47.0,,,,,,,false,,,dependabot[bot]
06ea505ce2b2042af26e96d35ebf159af7c0869d,pallets/flask,passed,2026-05-02 03:32:03,2026-05-02 03:32:32,29.0,,,,,,,false,,,davidism
06ea505ce2b2042af26e96d35ebf159af7c0869d,pallets/flask,failed,2026-05-02 03:32:03,2026-05-02 03:32:38,35.0,,,,,,,false,,,davidism
2ac89889f4cc330eabd50f295dcef02828522c69,pallets/flask,passed,2026-05-02 00:24:59,2026-05-02 00:25:15,16.0,,,,,,,false,,,davidism
2ac89889f4cc330eabd50f295dcef02828522c69,pallets/flask,passed,2026-05-01 00:27:28,2026-05-01 00:27:39,11.0,,,,,,,false,,,davidism
2ac89889f4cc330eabd50f295dcef02828522c69,pallets/flask,passed,2026-04-30 00:25:42,2026-04-30 00:25:55,13.0,,,,,,,false,,,davidism
2ac89889f4cc330eabd50f295dcef02828522c69,pallets/flask,passed,2026-04-29 00:26:01,2026-04-29 00:26:16,15.0,,,,,,,false,,,davidism
2ac89889f4cc330eabd50f295dcef02828522c69,pallets/flask,passed,2026-04-28 00:24:37,2026-04-28 00:24:46,9.0,,,,,,,false,,,davidism
2ac89889f4cc330eabd50f295dcef02828522c69,pallets/flask,passed,2026-04-27 00:21:32,2026-04-27 00:21:40,8.0,,,,,,,false,,,davidism
2ac89889f4cc330eabd50f295dcef02828522c69,pallets/flask,passed,2026-04-26 00:21:03,2026-04-26 00:21:10,7.0,,,,,,,false,,,davidism
cf9491e3da47f17867d362240744ce36e8fb7a64,pallets/flask,failed,2026-04-25 09:20:34,2026-04-25 09:20:53,19.0,,,,,,,true,,,Devansh-66
cf9491e3da47f17867d362240744ce36e8fb7a64,pallets/flask,failed,2026-04-25 09:20:34,2026-04-25 09:21:19,45.0,,,,,,,true,,,Devansh-66
2ac89889f4cc330eabd50f295dcef02828522c69,pallets/flask,passed,2026-04-25 00:19:36,2026-04-25 00:19:45,9.0,,,,,,,false,,,davidism
6f4e80d1efc160d173a9b613ce7f3fa4ec6e222c,pallets/flask,passed,2026-04-24 04:30:43,2026-04-24 04:30:57,14.0,,,,,,,true,,,popeye-007
6f4e80d1efc160d173a9b613ce7f3fa4ec6e222c,pallets/flask,passed,2026-04-24 04:30:43,2026-04-24 04:31:11,28.0,,,,,,,true,,,popeye-007
6f4e80d1efc160d173a9b613ce7f3fa4ec6e222c,pallets/flask,failed,2026-04-24 04:30:43,2026-04-24 04:31:24,41.0,,,,,,,true,,,popeye-007
2ac89889f4cc330eabd50f295dcef02828522c69,pallets/flask,passed,2026-04-24 00:22:38,2026-04-24 00:22:50,12.0,,,,,,,false,,,davidism
2ac89889f4cc330eabd50f295dcef02828522c69,pallets/flask,passed,2026-04-23 00:23:39,2026-04-23 00:23:47,8.0,,,,,,,false,,,davidism
2d12e362ce10ef35887aaa38ae074645581c383e,pallets/flask,failed,2026-04-22 23:32:54,2026-04-22 23:33:30,36.0,,,,,,,true,,,shr7q
2d12e362ce10ef35887aaa38ae074645581c383e,pallets/flask,passed,2026-04-22 23:32:54,2026-04-22 23:33:21,27.0,,,,,,,true,,,shr7q
2ac89889f4cc330eabd50f295dcef02828522c69,pallets/flask,passed,2026-04-22 00:18:16,2026-04-22 00:18:26,10.0,,,,,,,false,,,davidism
a6bd42160541a4f2c8aa77a42aa1ffda737a6b8a,pallets/flask,passed,2026-04-21 14:29:26,2026-04-21 14:29:53,27.0,,,,,,,true,,,albert-cgai
5988a27a1ba3b3d511f49b859b08f1c1b0fe0595,pallets/flask,passed,2026-04-21 14:25:51,2026-04-21 14:26:11,20.0,,,,,,,true,,,albert-cgai
2ac89889f4cc330eabd50f295dcef02828522c69,pallets/flask,passed,2026-04-21 00:21:14,2026-04-21 00:21:22,8.0,,,,,,,false,,,davidism
2ac89889f4cc330eabd50f295dcef02828522c69,pallets/flask,passed,2026-04-20 00:19:50,2026-04-20 00:19:58,8.0,,,,,,,false,,,davidism
e55ffdb5b7e0684e9244b237324cb3e0184bbd85,pallets/flask,passed,2026-04-19 13:21:28,2026-04-19 13:21:49,21.0,,,,,,,true,,,tboyila
9536b1aeefcd8178f7102cbd68c43a4ed57b183f,pallets/flask,failed,2026-04-19 06:57:47,2026-04-19 06:58:21,34.0,,,,,,,true,,,sahilmalhotra1987
9536b1aeefcd8178f7102cbd68c43a4ed57b183f,pallets/flask,failed,2026-04-19 06:57:47,2026-04-19 06:58:08,21.0,,,,,,,true,,,sahilmalhotra1987
2ac89889f4cc330eabd50f295dcef02828522c69,pallets/flask,passed,2026-04-19 00:18:48,2026-04-19 00:18:59,11.0,,,,,,,false,,,davidism
2ac89889f4cc330eabd50f295dcef02828522c69,pallets/flask,passed,2026-04-18 00:18:19,2026-04-18 00:18:27,8.0,,,,,,,false,,,davidism
2ac89889f4cc330eabd50f295dcef02828522c69,pallets/flask,passed,2026-04-17 00:20:50,2026-04-17 00:20:58,8.0,,,,,,,false,,,davidism
2ac89889f4cc330eabd50f295dcef02828522c69,pallets/flask,passed,2026-04-16 00:22:13,2026-04-16 00:22:21,8.0,,,,,,,false,,,davidism
08354da0b0e62d816c1f8e5cd8e976d92623adc1,pallets/flask,failed,2026-04-15 13:25:28,2026-04-15 13:25:41,13.0,,,,,,,true,,,kolesnykovyurii
08354da0b0e62d816c1f8e5cd8e976d92623adc1,pallets/flask,failed,2026-04-15 13:25:28,2026-04-15 13:27:16,108.0,,,,,,,true,,,kolesnykovyurii
08354da0b0e62d816c1f8e5cd8e976d92623adc1,pallets/flask,canceled,2026-04-15 13:25:28,2026-04-16 13:25:30,86402.0,,,,,,,true,,,kolesnykovyurii
c2f17897857a104a6d4451e5eb76f88f1bb35bca,pallets/flask,failed,2026-04-15 12:56:22,2026-04-15 12:56:38,16.0,,,,,,,true,,,kolesnykovyurii
c2f17897857a104a6d4451e5eb76f88f1bb35bca,pallets/flask,failed,2026-04-15 12:56:22,2026-04-15 12:56:56,34.0,,,,,,,true,,,kolesnykovyurii
c2f17897857a104a6d4451e5eb76f88f1bb35bca,pallets/flask,canceled,2026-04-15 12:56:22,2026-04-16 12:56:24,86402.0,,,,,,,true,,,kolesnykovyurii
4fdc3cb3d4020bd8c5afa250893a554b5ec39844,pallets/flask,passed,2026-04-15 00:58:09,2026-04-15 00:58:31,22.0,,,,,,,true,,,WhitehatD
4fdc3cb3d4020bd8c5afa250893a554b5ec39844,pallets/flask,passed,2026-04-15 00:58:09,2026-04-15 00:58:51,42.0,,,,,,,true,,,WhitehatD
0a3a12aec59d320336df1ea41afe86c903105708,pallets/flask,failed,2026-04-15 00:47:23,2026-04-15 00:47:42,19.0,,,,,,,true,,,WhitehatD
0a3a12aec59d320336df1ea41afe86c903105708,pallets/flask,passed,2026-04-15 00:47:23,2026-04-15 00:48:00,37.0,,,,,,,true,,,WhitehatD
2ac89889f4cc330eabd50f295dcef02828522c69,pallets/flask,passed,2026-04-15 00:22:01,2026-04-15 00:22:12,11.0,,,,,,,false,,,davidism
2ac89889f4cc330eabd50f295dcef02828522c69,pallets/flask,passed,2026-04-14 00:21:58,2026-04-14 00:22:06,8.0,,,,,,,false,,,davidism
a5841144246eee3e728192e7c8580a41e6aec5eb,pallets/flask,failed,2026-04-13 22:58:25,2026-04-13 22:58:38,13.0,,,,,,,true,,,samtang-oai
2ac89889f4cc330eabd50f295dcef02828522c69,pallets/flask,passed,2026-04-13 00:18:53,2026-04-13 00:19:03,10.0,,,,,,,false,,,davidism
2ac89889f4cc330eabd50f295dcef02828522c69,pallets/flask,passed,2026-04-12 00:18:15,2026-04-12 00:18:23,8.0,,,,,,,false,,,davidism
2ac89889f4cc330eabd50f295dcef02828522c69,pallets/flask,passed,2026-04-11 00:16:26,2026-04-11 00:16:36,10.0,,,,,,,false,,,davidism
330fc072721f4b0e8bb9f10e268ea31a7e5b82d3,pallets/flask,passed,2026-04-10 16:10:26,2026-04-10 16:10:59,33.0,,,,,,,true,,,AhsanSheraz
330fc072721f4b0e8bb9f10e268ea31a7e5b82d3,pallets/flask,passed,2026-04-10 16:10:26,2026-04-10 16:10:44,18.0,,,,,,,true,,,AhsanSheraz
2ac89889f4cc330eabd50f295dcef02828522c69,pallets/flask,passed,2026-04-10 00:16:56,2026-04-10 00:17:05,9.0,,,,,,,false,,,davidism
5b9396a1977faf8f795c59f5ce7a0e91091a3c02,pallets/flask,passed,2026-04-09 21:58:18,2026-04-09 21:58:52,34.0,,,,,,,true,,,rharper105
5b9396a1977faf8f795c59f5ce7a0e91091a3c02,pallets/flask,passed,2026-04-09 21:58:18,2026-04-09 21:58:32,14.0,,,,,,,true,,,rharper105
2ac89889f4cc330eabd50f295dcef02828522c69,pallets/flask,passed,2026-04-09 04:04:12,2026-04-09 04:04:31,19.0,,,,,,,false,,,davidism
689362089edd09b6d68f7cfe99075e1345e0fede,pallets/flask,passed,2026-04-09 04:01:32,2026-04-09 04:01:51,19.0,,,,,,,false,,,davidism
6b84167bf6a8beae49e07a84bf2d1879fa0a1ee6,pallets/flask,passed,2026-04-09 00:15:30,2026-04-09 00:15:44,14.0,,,,,,,true,,,orbisai0security
6b84167bf6a8beae49e07a84bf2d1879fa0a1ee6,pallets/flask,passed,2026-04-09 00:15:30,2026-04-09 00:16:05,35.0,,,,,,,true,,,orbisai0security
258d68b6ff5e2244386540f48b48bab90d6ab827,pallets/flask,passed,2026-04-09 00:14:12,2026-04-09 00:14:20,8.0,,,,,,,false,,,davidism
258d68b6ff5e2244386540f48b48bab90d6ab827,pallets/flask,passed,2026-04-08 00:18:05,2026-04-08 00:18:15,10.0,,,,,,,false,,,davidism
ae3a8d218e326576078be420831878cfafb57f05,pallets/flask,failed,2026-04-07 00:18:49,2026-04-07 00:19:02,13.0,,,,,,,true,,,barttran2k
ae3a8d218e326576078be420831878cfafb57f05,pallets/flask,passed,2026-04-07 00:18:49,2026-04-07 00:19:26,37.0,,,,,,,true,,,barttran2k
258d68b6ff5e2244386540f48b48bab90d6ab827,pallets/flask,passed,2026-04-07 00:17:00,2026-04-07 00:17:11,11.0,,,,,,,false,,,davidism
258d68b6ff5e2244386540f48b48bab90d6ab827,pallets/flask,passed,2026-04-06 00:16:41,2026-04-06 00:16:51,10.0,,,,,,,false,,,davidism
258d68b6ff5e2244386540f48b48bab90d6ab827,pallets/flask,passed,2026-04-05 19:32:22,2026-04-05 19:32:57,35.0,,,,,,,false,,,davidism
258d68b6ff5e2244386540f48b48bab90d6ab827,pallets/flask,passed,2026-04-05 19:32:22,2026-04-05 19:32:40,18.0,,,,,,,false,,,davidism
a31e6b73469cb2bf7eb8f70b5ff21f710fd2e23c,pallets/flask,passed,2026-04-05 19:31:45,2026-04-05 19:32:01,16.0,,,,,,,false,,,davidism
a31e6b73469cb2bf7eb8f70b5ff21f710fd2e23c,pallets/flask,failed,2026-04-05 19:31:45,2026-04-05 19:32:32,47.0,,,,,,,false,,,davidism
e4e4bf6543ac1f132afddb1ffd0bf02bea4c93f7,pallets/flask,failed,2026-04-05 18:25:59,2026-04-05 18:26:46,47.0,,,,,,,false,,,davidism
e4e4bf6543ac1f132afddb1ffd0bf02bea4c93f7,pallets/flask,passed,2026-04-05 18:25:59,2026-04-05 18:26:13,14.0,,,,,,,false,,,davidism
e4e4bf6543ac1f132afddb1ffd0bf02bea4c93f7,pallets/flask,passed,2026-04-05 18:25:59,2026-04-05 18:26:26,27.0,,,,,,,false,,,davidism
b21425d6df207fec0c47e9563faa10a2819984ca,pallets/flask,passed,2026-04-05 18:14:11,2026-04-05 18:14:25,14.0,,,,,,,false,,,davidism
b21425d6df207fec0c47e9563faa10a2819984ca,pallets/flask,failed,2026-04-05 18:14:11,2026-04-05 18:14:42,31.0,,,,,,,false,,,davidism
b21425d6df207fec0c47e9563faa10a2819984ca,pallets/flask,passed,2026-04-05 18:14:11,2026-04-05 18:14:24,13.0,,,,,,,false,,,davidism
7ef2946fb5151b745df30201b8c27790cac53875,pallets/flask,passed,2026-04-05 00:16:30,2026-04-05 00:16:41,11.0,,,,,,,false,,,davidism
7ef2946fb5151b745df30201b8c27790cac53875,pallets/flask,passed,2026-04-04 00:15:04,2026-04-04 00:15:15,11.0,,,,,,,false,,,davidism
83dbcb222a65a87741c9d96bb183f34528149269,pallets/flask,passed,2026-04-03 22:59:40,2026-04-03 23:00:08,28.0,,,,,,,false,,,davidism
83dbcb222a65a87741c9d96bb183f34528149269,pallets/flask,failed,2026-04-03 22:59:40,2026-04-03 23:00:15,35.0,,,,,,,false,,,davidism
83dbcb222a65a87741c9d96bb183f34528149269,pallets/flask,passed,2026-04-03 22:59:40,2026-04-03 22:59:49,9.0,,,,,,,false,,,davidism
7ef2946fb5151b745df30201b8c27790cac53875,pallets/flask,passed,2026-04-03 00:16:13,2026-04-03 00:18:00,107.0,,,,,,,false,,,davidism
7ef2946fb5151b745df30201b8c27790cac53875,pallets/flask,passed,2026-04-02 00:15:06,2026-04-02 00:15:17,11.0,,,,,,,false,,,davidism
7ef2946fb5151b745df30201b8c27790cac53875,pallets/flask,passed,2026-04-01 00:18:08,2026-04-01 00:18:21,13.0,,,,,,,false,,,davidism
7ef2946fb5151b745df30201b8c27790cac53875,pallets/flask,passed,2026-03-31 00:16:02,2026-03-31 00:16:13,11.0,,,,,,,false,,,davidism
7ef2946fb5151b745df30201b8c27790cac53875,pallets/flask,passed,2026-03-30 00:16:34,2026-03-30 00:16:42,8.0,,,,,,,false,,,davidism
7ef2946fb5151b745df30201b8c27790cac53875,pallets/flask,passed,2026-03-29 00:16:16,2026-03-29 00:16:26,10.0,,,,,,,false,,,davidism
7ef2946fb5151b745df30201b8c27790cac53875,pallets/flask,passed,2026-03-28 00:14:45,2026-03-28 00:14:54,9.0,,,,,,,false,,,davidism
d2e34be0f6240b081b45f08efa2737f7ce62271a,pallets/flask,passed,2026-03-27 21:19:34,2026-03-27 21:19:56,22.0,,,,,,,true,,,tang-vu
d2e34be0f6240b081b45f08efa2737f7ce62271a,pallets/flask,passed,2026-03-27 21:19:34,2026-03-27 21:20:20,46.0,,,,,,,true,,,tang-vu
b00c66248d9c7fa5ac52ecd7d39bc1e8fa589f2a,pallets/flask,passed,2026-03-27 11:30:49,2026-03-27 11:31:03,14.0,,,,,,,true,,,pefia
b00c66248d9c7fa5ac52ecd7d39bc1e8fa589f2a,pallets/flask,passed,2026-03-27 11:30:49,2026-03-27 11:31:26,37.0,,,,,,,true,,,pefia
7ef2946fb5151b745df30201b8c27790cac53875,pallets/flask,passed,2026-03-27 00:15:36,2026-03-27 00:15:46,10.0,,,,,,,false,,,davidism
7ef2946fb5151b745df30201b8c27790cac53875,pallets/flask,passed,2026-03-26 00:16:03,2026-03-26 00:16:13,10.0,,,,,,,false,,,davidism
7ef2946fb5151b745df30201b8c27790cac53875,pallets/flask,passed,2026-03-25 00:14:12,2026-03-25 00:14:22,10.0,,,,,,,false,,,davidism
7ef2946fb5151b745df30201b8c27790cac53875,pallets/flask,passed,2026-03-24 13:56:01,2026-03-24 13:56:21,20.0,,,,,,,false,,,davidism
7ef2946fb5151b745df30201b8c27790cac53875,pallets/flask,passed,2026-03-24 13:56:01,2026-03-24 13:56:50,49.0,,,,,,,false,,,davidism
91c6b3fecf36b1f04554e57cc4060ccb737a445d,pallets/flask,passed,2026-03-24 13:54:18,2026-03-24 13:54:34,16.0,,,,,,,true,,,davidism
91c6b3fecf36b1f04554e57cc4060ccb737a445d,pallets/flask,passed,2026-03-24 13:54:18,2026-03-24 13:55:50,92.0,,,,,,,true,,,davidism
89a3fd5f64167202050e615f207ff2f717c5b32a,pallets/flask,canceled,2026-03-24 13:54:06,2026-03-24 13:54:20,14.0,,,,,,,true,,,davidism
89a3fd5f64167202050e615f207ff2f717c5b32a,pallets/flask,canceled,2026-03-24 13:54:06,2026-03-24 13:54:50,44.0,,,,,,,true,,,davidism
4cae5d8e411b1e69949d8fae669afeacbd3e5908,pallets/flask,passed,2026-03-24 00:12:08,2026-03-24 00:12:17,9.0,,,,,,,false,,,davidism
4cae5d8e411b1e69949d8fae669afeacbd3e5908,pallets/flask,passed,2026-03-23 00:15:06,2026-03-23 00:15:14,8.0,,,,,,,false,,,davidism
8342e6871214defcc98ca5c27ea66f118be4d60c,pallets/flask,passed,2026-03-22 23:51:41,2026-03-22 23:51:59,18.0,,,,,,,true,,,kodareef5
8342e6871214defcc98ca5c27ea66f118be4d60c,pallets/flask,failed,2026-03-22 23:51:41,2026-03-22 23:52:51,70.0,,,,,,,true,,,kodareef5
6422bf669e29db4dccebb17becf1f22f1a1634bf,pallets/flask,passed,2026-03-22 18:17:55,2026-03-22 18:18:13,18.0,,,,,,,true,,,r266-tech
6422bf669e29db4dccebb17becf1f22f1a1634bf,pallets/flask,failed,2026-03-22 18:17:55,2026-03-22 18:18:40,45.0,,,,,,,true,,,r266-tech
4cae5d8e411b1e69949d8fae669afeacbd3e5908,pallets/flask,passed,2026-03-22 00:13:15,2026-03-22 00:13:26,11.0,,,,,,,false,,,davidism
4cae5d8e411b1e69949d8fae669afeacbd3e5908,pallets/flask,passed,2026-03-21 00:12:22,2026-03-21 00:12:30,8.0,,,,,,,false,,,davidism
4cae5d8e411b1e69949d8fae669afeacbd3e5908,pallets/flask,passed,2026-03-20 00:14:10,2026-03-20 00:14:18,8.0,,,,,,,false,,,davidism
4cae5d8e411b1e69949d8fae669afeacbd3e5908,pallets/flask,passed,2026-03-19 00:14:05,2026-03-19 00:14:16,11.0,,,,,,,false,,,davidism
b0af472bec093e4afa43114e2663ee231449ef2c,pallets/flask,failed,2026-03-18 14:10:18,2026-03-18 14:11:04,46.0,,,,,,,true,,,davehenton
b0af472bec093e4afa43114e2663ee231449ef2c,pallets/flask,failed,2026-03-18 14:10:18,2026-03-18 14:10:32,14.0,,,,,,,true,,,davehenton
b0af472bec093e4afa43114e2663ee231449ef2c,pallets/flask,passed,2026-03-18 14:10:18,2026-03-18 14:10:42,24.0,,,,,,,true,,,davehenton
4cae5d8e411b1e69949d8fae669afeacbd3e5908,pallets/flask,passed,2026-03-18 00:14:43,2026-03-18 00:14:53,10.0,,,,,,,false,,,davidism
00c3980eeabda4224383313f5023b3e2ea759b52,pallets/flask,failed,2026-03-17 13:20:25,2026-03-17 13:20:40,15.0,,,,,,,true,,,ahmet0033
00c3980eeabda4224383313f5023b3e2ea759b52,pallets/flask,failed,2026-03-17 13:17:22,2026-03-17 13:17:36,14.0,,,,,,,true,,,ahmet0033
192e107ca9232626cbe319db1b492c313e56862b,pallets/flask,failed,2026-03-17 13:07:40,2026-03-17 13:08:01,21.0,,,,,,,true,,,ahmet0033
6580938d822a522aad7c4beb30383da8520b70a2,pallets/flask,failed,2026-03-17 13:01:33,2026-03-17 13:01:54,21.0,,,,,,,true,,,ahmet0033
4cae5d8e411b1e69949d8fae669afeacbd3e5908,pallets/flask,passed,2026-03-17 00:13:54,2026-03-17 00:14:03,9.0,,,,,,,false,,,davidism
4cae5d8e411b1e69949d8fae669afeacbd3e5908,pallets/flask,passed,2026-03-16 00:15:24,2026-03-16 00:15:32,8.0,,,,,,,false,,,davidism
400c7367065ff4fed12f4928944036acf9d825c7,pallets/flask,passed,2026-03-15 17:25:54,2026-03-15 17:26:10,16.0,,,,,,,true,,,Yuki9814
400c7367065ff4fed12f4928944036acf9d825c7,pallets/flask,failed,2026-03-15 17:25:54,2026-03-15 17:26:47,53.0,,,,,,,true,,,Yuki9814
4cae5d8e411b1e69949d8fae669afeacbd3e5908,pallets/flask,passed,2026-03-15 00:15:35,2026-03-15 00:15:43,8.0,,,,,,,false,,,davidism
4cae5d8e411b1e69949d8fae669afeacbd3e5908,pallets/flask,passed,2026-03-14 00:12:59,2026-03-14 00:13:10,11.0,,,,,,,false,,,davidism
4cae5d8e411b1e69949d8fae669afeacbd3e5908,pallets/flask,passed,2026-03-13 00:12:47,2026-03-13 00:12:57,10.0,,,,,,,false,,,davidism
4cae5d8e411b1e69949d8fae669afeacbd3e5908,pallets/flask,passed,2026-03-12 00:11:13,2026-03-12 00:11:21,8.0,,,,,,,false,,,davidism
274b59fb287e6d25f100f51e84042f10ff3cae27,pallets/flask,failed,2026-03-11 05:53:45,2026-03-11 05:54:01,16.0,,,,,,,true,,,duriantaco
274b59fb287e6d25f100f51e84042f10ff3cae27,pallets/flask,failed,2026-03-11 05:53:45,2026-03-11 05:54:26,41.0,,,,,,,true,,,duriantaco
4cae5d8e411b1e69949d8fae669afeacbd3e5908,pallets/flask,passed,2026-03-11 00:09:59,2026-03-11 00:10:09,10.0,,,,,,,false,,,davidism
4cae5d8e411b1e69949d8fae669afeacbd3e5908,pallets/flask,passed,2026-03-10 00:10:34,2026-03-10 00:10:45,11.0,,,,,,,false,,,davidism
4cae5d8e411b1e69949d8fae669afeacbd3e5908,pallets/flask,passed,2026-03-09 00:12:29,2026-03-09 00:12:39,10.0,,,,,,,false,,,davidism
4cae5d8e411b1e69949d8fae669afeacbd3e5908,pallets/flask,passed,2026-03-08 23:24:20,2026-03-08 23:24:30,10.0,,,,,,,false,,,davidism
4cae5d8e411b1e69949d8fae669afeacbd3e5908,pallets/flask,passed,2026-03-08 23:24:19,2026-03-08 23:24:42,23.0,,,,,,,false,,,davidism
4cae5d8e411b1e69949d8fae669afeacbd3e5908,pallets/flask,failed,2026-03-08 23:24:19,2026-03-08 23:25:01,42.0,,,,,,,false,,,davidism
a197702e2cbcdd43c0d09296b3cea02efe16e407,pallets/flask,passed,2026-03-08 23:20:15,2026-03-08 23:20:43,28.0,,,,,,,false,,,davidism
a197702e2cbcdd43c0d09296b3cea02efe16e407,pallets/flask,passed,2026-03-08 23:20:15,2026-03-08 23:20:28,13.0,,,,,,,false,,,davidism
a197702e2cbcdd43c0d09296b3cea02efe16e407,pallets/flask,failed,2026-03-08 23:20:15,2026-03-08 23:20:56,41.0,,,,,,,false,,,davidism
4774385abdc04d3b0d02dcbed6543bc100f23f6e,pallets/flask,passed,2026-03-08 23:15:03,2026-03-08 23:15:18,15.0,,,,,,,false,,,davidism
4774385abdc04d3b0d02dcbed6543bc100f23f6e,pallets/flask,passed,2026-03-08 23:15:03,2026-03-08 23:15:18,15.0,,,,,,,false,,,davidism
4774385abdc04d3b0d02dcbed6543bc100f23f6e,pallets/flask,failed,2026-03-08 23:15:03,2026-03-08 23:15:53,50.0,,,,,,,false,,,davidism
560c119e3dc33b35b9c57172fae521d99c2a1421,pallets/flask,passed,2026-03-08 23:11:51,2026-03-08 23:12:00,9.0,,,,,,,true,,,davidism
560c119e3dc33b35b9c57172fae521d99c2a1421,pallets/flask,passed,2026-03-08 23:11:51,2026-03-08 23:12:13,22.0,,,,,,,true,,,davidism
560c119e3dc33b35b9c57172fae521d99c2a1421,pallets/flask,failed,2026-03-08 23:11:51,2026-03-08 23:12:31,40.0,,,,,,,true,,,davidism
3a9d54f3da1de540adfdf6f1e2dea6fc0006e15d,pallets/flask,passed,2026-03-08 00:12:32,2026-03-08 00:12:46,14.0,,,,,,,false,,,davidism
14c80085434894d5a26a4e1cee7f4f4f3b97d9ce,pallets/flask,passed,2026-03-07 05:42:02,2026-03-07 05:42:26,24.0,,,,,,,true,,,04cb
14c80085434894d5a26a4e1cee7f4f4f3b97d9ce,pallets/flask,failed,2026-03-07 05:42:02,2026-03-07 05:42:43,41.0,,,,,,,true,,,04cb
3a9d54f3da1de540adfdf6f1e2dea6fc0006e15d,pallets/flask,passed,2026-03-07 00:12:16,2026-03-07 00:12:29,13.0,,,,,,,false,,,davidism
3a9d54f3da1de540adfdf6f1e2dea6fc0006e15d,pallets/flask,passed,2026-03-06 00:17:43,2026-03-06 00:17:55,12.0,,,,,,,false,,,davidism
3a9d54f3da1de540adfdf6f1e2dea6fc0006e15d,pallets/flask,passed,2026-03-05 00:13:08,2026-03-05 00:13:21,13.0,,,,,,,false,,,davidism
3a9d54f3da1de540adfdf6f1e2dea6fc0006e15d,pallets/flask,failed,2026-03-04 15:36:28,2026-03-04 15:37:19,51.0,,,,,,,false,,,davidism
3a9d54f3da1de540adfdf6f1e2dea6fc0006e15d,pallets/flask,passed,2026-03-04 15:36:28,2026-03-04 15:36:50,22.0,,,,,,,false,,,davidism
a29f88ce6f2f9843bd6fcbbfce1390a2071965d6,pallets/flask,failed,2026-03-04 15:36:18,2026-03-04 15:37:22,64.0,,,,,,,false,,,davidism
a29f88ce6f2f9843bd6fcbbfce1390a2071965d6,pallets/flask,passed,2026-03-04 15:36:18,2026-03-04 15:36:40,22.0,,,,,,,false,,,davidism
c34d6e81fd8e405e6d4178bf24b364918811ef17,pallets/flask,passed,2026-03-04 00:12:22,2026-03-04 00:12:32,10.0,,,,,,,false,,,davidism
c34d6e81fd8e405e6d4178bf24b364918811ef17,pallets/flask,passed,2026-03-03 00:13:38,2026-03-03 00:13:51,13.0,,,,,,,false,,,davidism
52f778756020e061cec8f5e384106cfac2dc9113,pallets/flask,passed,2026-03-02 01:27:53,2026-03-02 01:28:14,21.0,,,,,,,true,,,dalekube
52f778756020e061cec8f5e384106cfac2dc9113,pallets/flask,failed,2026-03-02 01:27:53,2026-03-02 01:28:35,42.0,,,,,,,true,,,dalekube
2a314b5e81ad5441583cd7033b576bd3fc67dfa2,pallets/flask,passed,2026-03-02 01:23:46,2026-03-02 01:24:07,21.0,,,,,,,true,,,pre-commit-ci-lite[bot]
2a314b5e81ad5441583cd7033b576bd3fc67dfa2,pallets/flask,failed,2026-03-02 01:23:46,2026-03-02 01:24:33,47.0,,,,,,,true,,,pre-commit-ci-lite[bot]
1fc69bd3f4b67cbb36406adc7ae47ef439b8eda8,pallets/flask,failed,2026-03-02 01:23:06,2026-03-02 01:23:31,25.0,,,,,,,true,,,dalekube
1fc69bd3f4b67cbb36406adc7ae47ef439b8eda8,pallets/flask,failed,2026-03-02 01:23:06,2026-03-02 01:23:52,46.0,,,,,,,true,,,dalekube
c34d6e81fd8e405e6d4178bf24b364918811ef17,pallets/flask,passed,2026-03-02 00:12:02,2026-03-02 00:12:11,9.0,,,,,,,false,,,davidism
c34d6e81fd8e405e6d4178bf24b364918811ef17,pallets/flask,passed,2026-03-01 00:13:14,2026-03-01 00:13:25,11.0,,,,,,,false,,,davidism
c34d6e81fd8e405e6d4178bf24b364918811ef17,pallets/flask,passed,2026-02-28 00:10:37,2026-02-28 00:10:48,11.0,,,,,,,false,,,davidism
13d8691408027bd5796caff954dd27ead127a089,pallets/flask,failed,2026-02-27 01:24:10,2026-02-27 01:24:32,22.0,,,,,,,true,,,haosenwang1018
13d8691408027bd5796caff954dd27ead127a089,pallets/flask,failed,2026-02-27 01:24:10,2026-02-27 01:24:53,43.0,,,,,,,true,,,haosenwang1018
c34d6e81fd8e405e6d4178bf24b364918811ef17,pallets/flask,passed,2026-02-27 00:14:12,2026-02-27 00:14:24,12.0,,,,,,,false,,,davidism
f14f3f463f141e4c9aeecd0df6b2673cc82086d8,pallets/flask,failed,2026-02-26 00:44:45,2026-02-26 00:45:13,28.0,,,,,,,true,,,haosenwang1018
f14f3f463f141e4c9aeecd0df6b2673cc82086d8,pallets/flask,failed,2026-02-26 00:44:45,2026-02-26 00:45:28,43.0,,,,,,,true,,,haosenwang1018
c34d6e81fd8e405e6d4178bf24b364918811ef17,pallets/flask,passed,2026-02-26 00:11:47,2026-02-26 00:11:57,10.0,,,,,,,false,,,davidism
c34d6e81fd8e405e6d4178bf24b364918811ef17,pallets/flask,passed,2026-02-25 00:14:27,2026-02-25 00:14:38,11.0,,,,,,,false,,,davidism
c34d6e81fd8e405e6d4178bf24b364918811ef17,pallets/flask,passed,2026-02-24 00:13:01,2026-02-24 00:13:14,13.0,,,,,,,false,,,davidism
c34d6e81fd8e405e6d4178bf24b364918811ef17,pallets/flask,passed,2026-02-23 00:13:10,2026-02-23 00:13:21,11.0,,,,,,,false,,,davidism
c34d6e81fd8e405e6d4178bf24b364918811ef17,pallets/flask,passed,2026-02-22 00:12:32,2026-02-22 00:12:39,7.0,,,,,,,false,,,davidism
a191c863066f43797f484da6c430d668548e9b52,pallets/flask,passed,2026-02-21 10:35:50,2026-02-21 10:36:05,15.0,,,,,,,true,,,Rohan5commit
a191c863066f43797f484da6c430d668548e9b52,pallets/flask,passed,2026-02-21 10:35:50,2026-02-21 10:36:37,47.0,,,,,,,true,,,Rohan5commit
f16163c59a6194a416b538a240a252381890c6ef,pallets/flask,passed,2026-02-21 10:11:08,2026-02-21 10:11:26,18.0,,,,,,,true,,,23f3003202
c34d6e81fd8e405e6d4178bf24b364918811ef17,pallets/flask,passed,2026-02-21 00:12:30,2026-02-21 00:12:40,10.0,,,,,,,false,,,davidism
c34d6e81fd8e405e6d4178bf24b364918811ef17,pallets/flask,passed,2026-02-20 04:00:37,2026-02-20 04:00:58,21.0,,,,,,,false,,,davidism
c34d6e81fd8e405e6d4178bf24b364918811ef17,pallets/flask,passed,2026-02-20 04:00:37,2026-02-20 04:01:23,46.0,,,,,,,false,,,davidism
fbb6f0bc4c60a0bada0e03c3480d0ccf30a3c1df,pallets/flask,passed,2026-02-20 03:51:11,2026-02-20 03:51:28,17.0,,,,,,,true,,,davidism
fbb6f0bc4c60a0bada0e03c3480d0ccf30a3c1df,pallets/flask,passed,2026-02-20 03:51:11,2026-02-20 03:51:51,40.0,,,,,,,true,,,davidism
913b2b6a3599a657825c3fb48aa5b1cf62b91ed1,pallets/flask,passed,2026-02-20 00:49:41,2026-02-20 00:50:05,24.0,,,,,,,true,,,bysiber
913b2b6a3599a657825c3fb48aa5b1cf62b91ed1,pallets/flask,passed,2026-02-20 00:49:41,2026-02-20 00:50:25,44.0,,,,,,,true,,,bysiber
7b0088693ece1bd3a9238a6fdf56ed8df7a4d43b,pallets/flask,passed,2026-02-20 00:12:06,2026-02-20 00:12:17,11.0,,,,,,,false,,,davidism
7b0088693ece1bd3a9238a6fdf56ed8df7a4d43b,pallets/flask,passed,2026-02-19 16:42:39,2026-02-19 16:43:03,24.0,,,,,,,false,,,davidism
7b0088693ece1bd3a9238a6fdf56ed8df7a4d43b,pallets/flask,passed,2026-02-19 16:42:39,2026-02-19 16:43:53,74.0,,,,,,,false,,,davidism
a411a2434b09d9cbaa4074232b2c247d591bb655,pallets/flask,failed,2026-02-19 16:35:57,2026-02-19 16:36:44,47.0,,,,,,,false,,,davidism
a411a2434b09d9cbaa4074232b2c247d591bb655,pallets/flask,passed,2026-02-19 16:35:57,2026-02-19 16:36:39,42.0,,,,,,,false,,,davidism
f00ad424ee3b050d382cc5b4aabb18afbb5e4ae7,pallets/flask,passed,2026-02-19 05:01:56,2026-02-19 05:02:21,25.0,,,,,,,false,,,davidism
f00ad424ee3b050d382cc5b4aabb18afbb5e4ae7,pallets/flask,failed,2026-02-19 05:01:56,2026-02-19 05:02:43,47.0,,,,,,,false,,,davidism
22d924701a6ae2e4cd01e9a15bbaf3946094af65,pallets/flask,passed,2026-02-19 04:56:57,2026-02-19 05:01:02,245.0,,,,,,,false,,,davidism
22d924701a6ae2e4cd01e9a15bbaf3946094af65,pallets/flask,passed,2026-02-19 03:42:47,2026-02-19 03:43:09,22.0,,,,,,,true,,,davidism
22d924701a6ae2e4cd01e9a15bbaf3946094af65,pallets/flask,failed,2026-02-19 03:42:47,2026-02-19 03:43:39,52.0,,,,,,,true,,,davidism
089cb86dd22bff589a4eafb7ab8e42dc357623b4,pallets/flask,passed,2026-02-19 03:36:02,2026-02-19 03:36:26,24.0,,,,,,,false,,,davidism
089cb86dd22bff589a4eafb7ab8e42dc357623b4,pallets/flask,failed,2026-02-19 03:36:02,2026-02-19 03:36:54,52.0,,,,,,,false,,,davidism
d98eb69a354158252854ed4a5c9778e03d089191,pallets/flask,passed,2026-02-19 00:13:44,2026-02-19 00:13:52,8.0,,,,,,,false,,,davidism
7d7fdbb07a62aef2cd96eebb209260ee1a749bd7,pallets/flask,passed,2026-02-18 15:51:22,2026-02-18 15:51:53,31.0,,,,,,,true,,,apoorvdarshan
7d7fdbb07a62aef2cd96eebb209260ee1a749bd7,pallets/flask,passed,2026-02-18 15:51:22,2026-02-18 15:52:46,84.0,,,,,,,true,,,apoorvdarshan
ca7269d1a729ad9968fc246c4463b5c400e6553e,pallets/flask,passed,2026-02-18 11:24:01,2026-02-18 11:24:43,42.0,,,,,,,true,,,Mishradity
ca7269d1a729ad9968fc246c4463b5c400e6553e,pallets/flask,passed,2026-02-18 11:24:01,2026-02-18 11:24:21,20.0,,,,,,,true,,,Mishradity
d98eb69a354158252854ed4a5c9778e03d089191,pallets/flask,passed,2026-02-18 00:13:44,2026-02-18 00:13:52,8.0,,,,,,,false,,,davidism
d98eb69a354158252854ed4a5c9778e03d089191,pallets/flask,passed,2026-02-17 00:13:31,2026-02-17 00:13:41,10.0,,,,,,,false,,,davidism
d98eb69a354158252854ed4a5c9778e03d089191,pallets/flask,passed,2026-02-16 00:13:06,2026-02-16 00:13:15,9.0,,,,,,,false,,,davidism
d98eb69a354158252854ed4a5c9778e03d089191,pallets/flask,passed,2026-02-15 00:13:12,2026-02-15 00:13:24,12.0,,,,,,,false,,,davidism
b9cb7e7accf1ce141b5ecd556491895065c1ace8,pallets/flask,passed,2026-02-14 04:52:26,2026-02-14 04:52:49,23.0,,,,,,,true,,,pre-commit-ci-lite[bot]
9e090de9c918bd47875125287fa6ebf0c0324c0a,pallets/flask,failed,2026-02-14 04:51:47,2026-02-14 04:52:16,29.0,,,,,,,true,,,suryakathyakeyaboddi-creator
5b51808f513ae28c87c9122a22e7e79b6f2ae3eb,pallets/flask,passed,2026-02-14 04:10:08,2026-02-14 04:10:33,25.0,,,,,,,true,,,suryakathyakeyaboddi-creator
d98eb69a354158252854ed4a5c9778e03d089191,pallets/flask,passed,2026-02-14 00:13:36,2026-02-14 00:13:47,11.0,,,,,,,false,,,davidism
556539182704dfa3ca8b107718218d90cb8afa5f,pallets/flask,passed,2026-02-13 04:17:59,2026-02-13 04:18:30,31.0,,,,,,,true,,,davidism
556539182704dfa3ca8b107718218d90cb8afa5f,pallets/flask,passed,2026-02-13 04:17:59,2026-02-13 04:18:41,42.0,,,,,,,true,,,davidism
d98eb69a354158252854ed4a5c9778e03d089191,pallets/flask,passed,2026-02-13 00:14:26,2026-02-13 00:14:35,9.0,,,,,,,false,,,davidism
556539182704dfa3ca8b107718218d90cb8afa5f,pallets/flask,passed,2026-02-12 22:03:44,2026-02-12 22:04:08,24.0,,,,,,,true,,,davidism
556539182704dfa3ca8b107718218d90cb8afa5f,pallets/flask,failed,2026-02-12 22:03:44,2026-02-12 22:04:31,47.0,,,,,,,true,,,davidism
d98eb69a354158252854ed4a5c9778e03d089191,pallets/flask,passed,2026-02-12 21:11:15,2026-02-12 21:11:46,31.0,,,,,,,false,,,davidism
d98eb69a354158252854ed4a5c9778e03d089191,pallets/flask,failed,2026-02-12 21:11:14,2026-02-12 21:11:55,41.0,,,,,,,false,,,davidism
12e95c93b488725f80753f34b2e0d24838ca4646,pallets/flask,passed,2026-02-12 21:07:54,2026-02-12 21:08:28,34.0,,,,,,,false,,,davidism
12e95c93b488725f80753f34b2e0d24838ca4646,pallets/flask,failed,2026-02-12 21:07:53,2026-02-12 21:08:37,44.0,,,,,,,false,,,davidism
e82db2ca3a22c9614c1987392c9cfaa8c6ce99ad,pallets/flask,passed,2026-02-12 21:06:39,2026-02-12 21:07:04,25.0,,,,,,,true,,,davidism
e82db2ca3a22c9614c1987392c9cfaa8c6ce99ad,pallets/flask,failed,2026-02-12 21:06:39,2026-02-12 21:07:27,48.0,,,,,,,true,,,davidism
d3b78fd18a8d9e224cb9ef58a23cec9b1ffc9ce9,pallets/flask,passed,2026-02-12 00:12:33,2026-02-12 00:12:43,10.0,,,,,,,false,,,davidism
d3b78fd18a8d9e224cb9ef58a23cec9b1ffc9ce9,pallets/flask,passed,2026-02-11 00:17:25,2026-02-11 00:17:38,13.0,,,,,,,false,,,davidism
d3b78fd18a8d9e224cb9ef58a23cec9b1ffc9ce9,pallets/flask,passed,2026-02-10 00:17:22,2026-02-10 00:17:34,12.0,,,,,,,false,,,davidism
560ea7fd409c839bc85382a05b6e1bd1d7ca8795,pallets/flask,passed,2026-02-09 02:34:38,2026-02-09 02:34:53,15.0,,,,,,,true,,,abdullahmujahidali
560ea7fd409c839bc85382a05b6e1bd1d7ca8795,pallets/flask,failed,2026-02-09 02:34:38,2026-02-09 02:35:48,70.0,,,,,,,true,,,abdullahmujahidali
d3b78fd18a8d9e224cb9ef58a23cec9b1ffc9ce9,pallets/flask,passed,2026-02-09 00:13:40,2026-02-09 00:14:00,20.0,,,,,,,false,,,davidism
c8ecf241e3605c48ac84ab863c206f1072888668,pallets/flask,passed,2026-02-08 23:04:23,2026-02-08 23:04:48,25.0,,,,,,,true,,,veeceey
c8ecf241e3605c48ac84ab863c206f1072888668,pallets/flask,failed,2026-02-08 23:04:23,2026-02-08 23:05:15,52.0,,,,,,,true,,,veeceey
d3b78fd18a8d9e224cb9ef58a23cec9b1ffc9ce9,pallets/flask,passed,2026-02-08 00:16:55,2026-02-08 00:17:04,9.0,,,,,,,false,,,davidism
d3b78fd18a8d9e224cb9ef58a23cec9b1ffc9ce9,pallets/flask,passed,2026-02-07 00:12:33,2026-02-07 00:12:41,8.0,,,,,,,false,,,davidism
d3b78fd18a8d9e224cb9ef58a23cec9b1ffc9ce9,pallets/flask,passed,2026-02-06 21:23:03,2026-02-06 21:23:30,27.0,,,,,,,false,,,davidism
d3b78fd18a8d9e224cb9ef58a23cec9b1ffc9ce9,pallets/flask,failed,2026-02-06 21:23:03,2026-02-06 21:23:58,55.0,,,,,,,false,,,davidism
86048aa716c471a48f36766570aad018b0c1fd4e,pallets/flask,passed,2026-02-06 21:12:37,2026-02-06 21:13:03,26.0,,,,,,,true,,,THE-Amrit-mahto-05
86048aa716c471a48f36766570aad018b0c1fd4e,pallets/flask,failed,2026-02-06 21:12:37,2026-02-06 21:13:22,45.0,,,,,,,true,,,THE-Amrit-mahto-05
554fad132ee385a45f7f89873e8f4cf69031ccf7,pallets/flask,passed,2026-02-06 08:24:22,2026-02-06 08:24:37,15.0,,,,,,,true,,,pre-commit-ci-lite[bot]
fb763eaf61c5a60ff9858b91c5d2ca10d2aca0ae,pallets/flask,failed,2026-02-06 08:23:51,2026-02-06 08:24:09,18.0,,,,,,,true,,,manav363
fb763eaf61c5a60ff9858b91c5d2ca10d2aca0ae,pallets/flask,passed,2026-02-06 08:23:51,2026-02-06 08:25:35,104.0,,,,,,,true,,,manav363
663198d7b453ffdbe86d0e0238b1feafde6ce569,pallets/flask,passed,2026-02-06 00:10:50,2026-02-06 00:11:01,11.0,,,,,,,false,,,davidism
663198d7b453ffdbe86d0e0238b1feafde6ce569,pallets/flask,passed,2026-02-05 00:13:12,2026-02-05 00:13:22,10.0,,,,,,,false,,,davidism
663198d7b453ffdbe86d0e0238b1feafde6ce569,pallets/flask,passed,2026-02-04 00:10:55,2026-02-04 00:11:06,11.0,,,,,,,false,,,davidism
663198d7b453ffdbe86d0e0238b1feafde6ce569,pallets/flask,passed,2026-02-03 18:22:26,2026-02-03 18:22:50,24.0,,,,,,,false,,,davidism
663198d7b453ffdbe86d0e0238b1feafde6ce569,pallets/flask,failed,2026-02-03 18:22:26,2026-02-03 18:23:20,54.0,,,,,,,false,,,davidism
976459f7cb35c8c3abc3a6e6a2728d76d1a0a5f2,pallets/flask,passed,2026-02-03 18:20:59,2026-02-03 18:21:19,20.0,,,,,,,false,,,davidism
976459f7cb35c8c3abc3a6e6a2728d76d1a0a5f2,pallets/flask,failed,2026-02-03 18:20:59,2026-02-03 18:22:35,96.0,,,,,,,false,,,davidism
5e621a2801daf95be6d208da9dcc287bb251f63c,pallets/flask,failed,2026-02-03 18:20:16,2026-02-03 18:20:27,11.0,,,,,,,false,,,davidism
5e621a2801daf95be6d208da9dcc287bb251f63c,pallets/flask,failed,2026-02-03 18:20:16,2026-02-03 18:20:42,26.0,,,,,,,false,,,davidism
798e006f435887adceb6aab9b57cde8e20276793,pallets/flask,passed,2026-02-03 00:13:31,2026-02-03 00:13:40,9.0,,,,,,,false,,,davidism
798e006f435887adceb6aab9b57cde8e20276793,pallets/flask,passed,2026-02-02 00:12:43,2026-02-02 00:12:54,11.0,,,,,,,false,,,davidism
798e006f435887adceb6aab9b57cde8e20276793,pallets/flask,passed,2026-02-01 00:13:48,2026-02-01 00:14:00,12.0,,,,,,,false,,,davidism
64171492fb0b27ca1db05398239926b23c0cfdd5,pallets/flask,passed,2026-01-31 21:36:04,2026-01-31 21:36:25,21.0,,,,,,,true,,,jnvw
64171492fb0b27ca1db05398239926b23c0cfdd5,pallets/flask,passed,2026-01-31 21:36:04,2026-01-31 21:36:54,50.0,,,,,,,true,,,jnvw
e2e59bc37792d3b5bdc590e2ded0689475c8a3c5,pallets/flask,passed,2026-01-31 21:31:38,2026-01-31 21:31:53,15.0,,,,,,,true,,,jnvw
e2e59bc37792d3b5bdc590e2ded0689475c8a3c5,pallets/flask,failed,2026-01-31 21:31:38,2026-01-31 21:32:19,41.0,,,,,,,true,,,jnvw
280e0aaee85413d208a57133562d372e592f9df8,pallets/flask,passed,2026-01-31 12:07:22,2026-01-31 12:07:39,17.0,,,,,,,true,,,Anusha0710
798e006f435887adceb6aab9b57cde8e20276793,pallets/flask,passed,2026-01-31 00:12:05,2026-01-31 00:12:14,9.0,,,,,,,false,,,davidism
798e006f435887adceb6aab9b57cde8e20276793,pallets/flask,passed,2026-01-30 00:11:46,2026-01-30 00:11:58,12.0,,,,,,,false,,,davidism
798e006f435887adceb6aab9b57cde8e20276793,pallets/flask,passed,2026-01-29 00:11:43,2026-01-29 00:11:53,10.0,,,,,,,false,,,davidism
4e652d3f68b90d50aa2301d3b7e68c3fafd9251d,pallets/flask,passed,2026-01-28 15:43:05,2026-01-28 15:43:27,22.0,,,,,,,false,,,davidism
4e652d3f68b90d50aa2301d3b7e68c3fafd9251d,pallets/flask,passed,2026-01-28 15:43:05,2026-01-28 15:43:54,49.0,,,,,,,false,,,davidism
798e006f435887adceb6aab9b57cde8e20276793,pallets/flask,passed,2026-01-28 00:10:29,2026-01-28 00:10:39,10.0,,,,,,,false,,,davidism
17e611808e8490a4a5530db0a5e9040a7f33ae2f,pallets/flask,passed,2026-01-27 13:46:15,2026-01-27 13:46:51,36.0,,,,,,,true,,,ANU5565
3d03098a97ddc6a908aa4a50c2ef7381f8297d0a,pallets/flask,passed,2026-01-27 08:24:09,2026-01-27 08:24:24,15.0,,,,,,,true,,,marcows
3d03098a97ddc6a908aa4a50c2ef7381f8297d0a,pallets/flask,passed,2026-01-27 08:24:09,2026-01-27 08:24:51,42.0,,,,,,,true,,,marcows
798e006f435887adceb6aab9b57cde8e20276793,pallets/flask,passed,2026-01-27 00:10:47,2026-01-27 00:10:58,11.0,,,,,,,false,,,davidism
798e006f435887adceb6aab9b57cde8e20276793,pallets/flask,passed,2026-01-26 00:10:51,2026-01-26 00:11:01,10.0,,,,,,,false,,,davidism
798e006f435887adceb6aab9b57cde8e20276793,pallets/flask,passed,2026-01-25 18:38:49,2026-01-25 18:39:10,21.0,,,,,,,false,,,davidism
407eb76b27884848383a37c7274654f0271e4bc4,pallets/flask,passed,2026-01-25 18:35:15,2026-01-25 18:35:36,21.0,,,,,,,false,,,davidism
ac5664d2281533eacafd64f5cc7d5edcdaccab60,pallets/flask,passed,2026-01-25 18:34:41,2026-01-25 18:34:56,15.0,,,,,,,true,,,davidism
23df07d799f0bed3feb5beb9e5633651687da92b,pallets/flask,passed,2026-01-25 03:55:43,2026-01-25 03:56:04,21.0,,,,,,,false,,,davidism
23df07d799f0bed3feb5beb9e5633651687da92b,pallets/flask,passed,2026-01-25 03:55:43,2026-01-25 03:56:25,42.0,,,,,,,false,,,davidism
4b8bde97d4fa3486e18dce21c3c5f75570d50164,pallets/flask,passed,2026-01-25 03:53:15,2026-01-25 03:53:29,14.0,,,,,,,false,,,davidism
4b8bde97d4fa3486e18dce21c3c5f75570d50164,pallets/flask,passed,2026-01-25 03:53:15,2026-01-25 03:53:51,36.0,,,,,,,false,,,davidism
0292047b22c82921dcf165322d93a0b988328c2e,pallets/flask,passed,2026-01-25 03:52:17,2026-01-25 03:52:44,27.0,,,,,,,false,,,davidism
0292047b22c82921dcf165322d93a0b988328c2e,pallets/flask,passed,2026-01-25 03:52:17,2026-01-25 03:52:57,40.0,,,,,,,false,,,davidism
c77a5203438fe772d41f6a47303ad3f57a4efe6d,pallets/flask,passed,2026-01-25 03:51:30,2026-01-25 03:51:46,16.0,,,,,,,true,,,davidism
c77a5203438fe772d41f6a47303ad3f57a4efe6d,pallets/flask,passed,2026-01-25 03:51:30,2026-01-25 03:52:12,42.0,,,,,,,true,,,davidism
9b74a90dd3c47f792734823e8793ac36f38bc4dd,pallets/flask,passed,2026-01-25 03:11:09,2026-01-25 03:11:30,21.0,,,,,,,false,,,davidism
9b74a90dd3c47f792734823e8793ac36f38bc4dd,pallets/flask,passed,2026-01-25 03:11:09,2026-01-25 03:11:51,42.0,,,,,,,false,,,davidism
4f79d5b59a56bc4356a97f2e81a35f98cb18d7b3,pallets/flask,passed,2026-01-25 03:04:10,2026-01-25 03:05:03,53.0,,,,,,,false,,,davidism
4f79d5b59a56bc4356a97f2e81a35f98cb18d7b3,pallets/flask,passed,2026-01-25 03:04:10,2026-01-25 03:04:38,28.0,,,,,,,false,,,davidism
fe3b215d3ade4db68262dae1a3cdc464a1fc524f,pallets/flask,passed,2026-01-25 03:02:57,2026-01-25 03:03:19,22.0,,,,,,,true,,,davidism
fe3b215d3ade4db68262dae1a3cdc464a1fc524f,pallets/flask,passed,2026-01-25 03:02:57,2026-01-25 03:03:54,57.0,,,,,,,true,,,davidism
5559ef42b5334075cbde82b2870ca725ac606fa4,pallets/flask,passed,2026-01-25 03:00:27,2026-01-25 03:00:55,28.0,,,,,,,false,,,davidism
5559ef42b5334075cbde82b2870ca725ac606fa4,pallets/flask,passed,2026-01-25 03:00:27,2026-01-25 03:01:15,48.0,,,,,,,false,,,davidism
3709c4a9a87e6ce8c26dc4a951e1df52ac9ecad0,pallets/flask,passed,2026-01-25 02:59:21,2026-01-25 02:59:46,25.0,,,,,,,true,,,davidism
